sample_reason,ticker,report_id,directory_year,passage_id,passage_index,heading_text,word_count,passage_type,category,suggested_action,alignment_status,confidence,text_excerpt
alignment_status:AMBIGUOUS,ACT,daf738d9-6e52-4e0d-ac1f-20405909e34b,2018,e41c5426-e9f4-4155-909f-bf5f51c0a73f,157,er,1,HEADING_WITH_BODY,short_fragment_invalid,EXCLUDE,AMBIGUOUS,NEEDS_REVIEW,er
alignment_status:AMBIGUOUS,BEL,5e143d2c-c26b-4d8f-bdd2-8c77fa9621fb,2018,2263893a-317d-4750-a0fe-828f5b22e3bf,212,2018 REMUNERATION COMMITTEE MEMBERS,375,HEADING_WITH_BODY,list_content,,AMBIGUOUS,NEEDS_REVIEW,2018 REMUNERATION COMMITTEE MEMBERS  Name of director Designation  Derek Lawrance Chairman of the committee Independent non-executive director  John Barton Lead independent non-executive director  Ashley Bell* Non-executive director  Gary B
alignment_status:AMBIGUOUS,SUR,e963ada9-264f-493c-8877-ced57861c1da,2023,539a4520-abbb-4e15-a2a3-15af4c60801b,1850,BACK ABOUT THIS,26,HEADING_WITH_BODY,contents_or_index_like,EXCLUDE,AMBIGUOUS,NEEDS_REVIEW,BACK ABOUT THIS  Focus Description GRI ref  2020 Actual  2021 Target  2021 Actual  2022 Target  2022 Actual  2023 Target  2023 Actual  2024 Target  2025 Target Comment
alignment_status:LIGHTLY_MODIFIED,BEL,5e143d2c-c26b-4d8f-bdd2-8c77fa9621fb,2018,0a410bbe-d725-4386-b14f-6c1199fc69a6,371,,398,MULTI_PARAGRAPH,list_content,,LIGHTLY_MODIFIED,NEEDS_REVIEW,• the share capital and reserves of the company and the group will be adequate for ordinary business purposes for a period of 12 months after the date of the general repurchase; and  • the working capital of the company and the group will b
alignment_status:LIGHTLY_MODIFIED,SUR,c8ead76a-0251-4736-b4b1-3d7e092a4fce,2025,7e9588e3-0b8d-4058-bbef-5e5bb29d23ee,176,FC,1,HEADING_WITH_BODY,short_fragment_invalid,REVIEW,LIGHTLY_MODIFIED,NEEDS_REVIEW,FC
alignment_status:LIGHTLY_MODIFIED,SUR,c8ead76a-0251-4736-b4b1-3d7e092a4fce,2025,22dc45f6-0698-4690-a2e1-52ebe879e84a,2213,SASB 310,153,HEADING_WITH_BODY,contents_or_index_like,EXCLUDE,LIGHTLY_MODIFIED,NEEDS_REVIEW,SASB 310  Our Gauteng company-owned restaurants in Morningside fall within a bargaining council. This represents 22.2% of employees in our company-owned restaurants. Our franchised restaurants fall within the Johannesburg and Pretoria barga
alignment_status:NEW,ACT,ccfc1325-dd2d-4f31-af07-f5146a0fdf03,2023,f067638a-e97a-476c-8596-97dbd8da4145,12,CONTENTS,1,HEADING_WITH_BODY,contents_or_index_like,EXCLUDE,NEW,HIGH,CONTENTS
alignment_status:NEW,KP2,a2262f14-20d8-46ef-b930-b5ecd78bd669,2021,7a7834c6-da92-458b-bce8-fe1e8c1280f4,284,,597,LIST,list_content,,NEW,HIGH,• the financial statements give a true and fair view of the state of the Group's and of the Parent Company's affairs as at 31 December 2020 and of the Group's loss for the year then ended; • the Group financial statements have been properly
alignment_status:NEW,SUR,e5036fd8-c4ab-4c24-a570-300a47c14646,2024,52be8cab-b486-4fc3-9bb7-bad6e1ca495e,143,Turnover,7,HEADING_WITH_BODY,list_content,,NEW,HIGH,Turnover  * Virtual kitchens. ** Excluding marketing.
alignment_status:REMOVED,ACT,71c5bb69-2abf-4b9a-8167-cc0fc0645540,2016,0264b699-bebf-4ee5-b49f-45d6fc05a039,3,CONTENTS,1,HEADING_WITH_BODY,contents_or_index_like,EXCLUDE,REMOVED,MEDIUM,CONTENTS
alignment_status:REMOVED,ACT,b52a299a-4102-4e6c-bf39-cfe728ca20e3,2019,b1c453b2-1289-417c-84d3-db333ef1796f,102,Manufactured capital,35,HEADING_WITH_BODY,list_content,,REMOVED,HIGH,"Manufactured capital  Our service platform:  • ­Nexus IT system Key inputs • ­IT solutions • ­Transactional switching • ­Specialised disease management • ­Back, neck and shoulder treatment • ­Pharmaceutical wholesaling • ­Pharmaceutical cou"
alignment_status:REMOVED,KP2,8ac44907-16b3-41be-b0aa-a2047f51d366,2024,d9faf2a0-0227-4386-9efb-ff8b72872694,30,,723,LIST,list_content,,REMOVED,HIGH,"• On 24 January 2023, the Company announced an update of the JORC (2012) compliant Mineral Resource, Ore Reserve, PFS information and Production Target at the DX Project. The updated Mineral Resource incorporates the most recent drilling re"
alignment_status:SUBSTANTIALLY_MODIFIED,ACT,daf738d9-6e52-4e0d-ac1f-20405909e34b,2018,2cbc2b73-d5e6-4800-ade3-8bd5bb733e18,71,Delivery frame,91,HEADING_WITH_BODY,list_content,,SUBSTANTIALLY_MODIFIED,NEEDS_REVIEW,Delivery frame  • Main centre – within 24 hours to 48 hours  • Outlying areas – within 24 hours to  48 hours  • Far outlying areas – within 48 hours to  72 hours  • Remote areas – within 72 hours  AAR Kenya AfroCentric Health Solutions Keny
alignment_status:SUBSTANTIALLY_MODIFIED,ACT,daf738d9-6e52-4e0d-ac1f-20405909e34b,2018,a3ca7181-ce87-46c9-92f2-d21da805bb9c,196,HEALTHCARE ADMINISTRATION,398,HEADING_WITH_BODY,list_content,,SUBSTANTIALLY_MODIFIED,NEEDS_REVIEW,HEALTHCARE ADMINISTRATION  • Medscheme’s established clients and products make it the core of the Group’s value chain optimisation. Its ability to collaborate with the other companies and consolidate schemes in the value chain drive its suc
alignment_status:SUBSTANTIALLY_MODIFIED,ACT,df83cc42-dc79-40f7-802e-bd6cf9cc0e57,2022,f01b84c0-37b2-44d5-a2f7-faadeefcf6c3,277,ie,1,HEADING_WITH_BODY,short_fragment_invalid,EXCLUDE,SUBSTANTIALLY_MODIFIED,NEEDS_REVIEW,ie
alignment_status:UNCHANGED,ACT,b52a299a-4102-4e6c-bf39-cfe728ca20e3,2019,9682f2b0-f5f1-4517-9e92-98d14199d03b,113,st,1,HEADING_WITH_BODY,short_fragment_invalid,EXCLUDE,UNCHANGED,HIGH,st
alignment_status:UNCHANGED,BEL,1276e697-8e26-4a65-9eb4-f11619aaef07,2021,a69ec232-5f79-444d-88bf-8bed7cf349f4,29,South America,47,HEADING_WITH_BODY,list_content,,UNCHANGED,NEEDS_REVIEW,"South America  • ADT assembly plant at Eisenach-Kindel, Germany  • Independent dealer network supported by Bell owned  operations in the UK, Germany and France  • Full range of Bell ADTs supplied from German assembly plant  • Dealer parts s"
alignment_status:UNCHANGED,KP2,5c665d1e-a960-435d-ad3f-6053ff31aae7,2022,384a60a2-1212-4f74-8378-861faefc03a0,123,CORPORATE GOVERNANCE REPORT (CONT) BOARD LEADERSHIP AND COMPANY PURPOSE (Cont) Provisions,391,HEADING_WITH_BODY,list_content,,UNCHANGED,NEEDS_REVIEW,CORPORATE GOVERNANCE REPORT (CONT) BOARD LEADERSHIP AND COMPANY PURPOSE (Cont) Provisions  1. The board should assess the basis on which the company generates and preserves value over the long-term. It should describe in the annual report h
category:broken_fragment_sequence,ACT,34ada83c-783b-46dd-811f-b6a3cfecb8ac,2021,91128a12-8032-4d1b-bafe-d6aee7c1c204,703,2021 INTEGRATED REPORT,143,HEADING_WITH_BODY,broken_fragment_sequence,EXCLUDE,NEW,HIGH,2021 INTEGRATED REPORT  % change  – – – – – –  – – – – – –  – – – – – –  – – – – – –  – – – – – –  – – – – – –  – – – – – –  – – – – – –  – – – – – –  – – – – – –  – – – – – –  – – – – – –  – – – – – –  – – – – – –  – – – – – –  – – – – – –
category:broken_fragment_sequence,SUR,e5036fd8-c4ab-4c24-a570-300a47c14646,2024,15fbe698-33df-40f8-8e66-4a9f6d22016c,1041,is,2,HEADING_WITH_BODY,broken_fragment_sequence,EXCLUDE,SUBSTANTIALLY_MODIFIED,NEEDS_REVIEW,is  ri
category:broken_fragment_sequence,SUR,c8ead76a-0251-4736-b4b1-3d7e092a4fce,2025,f1c645e7-3483-4266-8340-00de5c5386a6,1638,3 Empowering current and next generations,46,HEADING_WITH_BODY,broken_fragment_sequence,EXCLUDE,NEW,HIGH,"3 Empowering current and next generations  Refer to Franchisee experience  Listen to a podcast with Joe Stead, our environmental sustainability manager  ot  en  tia  l s  ca  le  of  im  pa  ct  Le  ve  ra  ge  or  e c  ap  abi  lit  ies  /"
category:caption_or_label_like,ACT,daf738d9-6e52-4e0d-ac1f-20405909e34b,2018,75c76830-ec0b-48c1-9a4a-32b4f6fb676d,190,rs,31,HEADING_WITH_BODY,caption_or_label_like,REVIEW,SUBSTANTIALLY_MODIFIED,NEEDS_REVIEW,"rs  • Government • Individual patients • Schemes  • Business development • Group legal,  governance,  risk management  and compliance  • Group finance • Human capital • Group marketing and  corporate affairs"
category:caption_or_label_like,BEL,1276e697-8e26-4a65-9eb4-f11619aaef07,2021,e65d08d9-cf1f-420a-9a46-41d3832693a0,95,SA,5,HEADING_WITH_BODY,caption_or_label_like,REVIEW,AMBIGUOUS,NEEDS_REVIEW,SA  100% Bell Equipment  Limited
category:caption_or_label_like,SDL,67ce190f-2d0c-4c58-ab57-aee35a812471,2024,bb852319-37f8-46c9-8ffe-b3009ff53364,26,Figure 2: Platinum Group Metal + Gold Prill Split,169,HEADING_WITH_BODY,caption_or_label_like,EXCLUDE,LIGHTLY_MODIFIED,NEEDS_REVIEW,"Figure 2: Platinum Group Metal + Gold Prill Split  Palladium (Pd): Palladium is another essential PGM found in the Bushveld Complex. It is valued for its use in catalytic converters, especially in gasoline-powered vehicles and hybrid vehicl"
category:contents_or_index_like,ACT,71c5bb69-2abf-4b9a-8167-cc0fc0645540,2016,0264b699-bebf-4ee5-b49f-45d6fc05a039,3,CONTENTS,1,HEADING_WITH_BODY,contents_or_index_like,EXCLUDE,REMOVED,MEDIUM,CONTENTS
category:contents_or_index_like,ACT,923373ad-e6a8-4ca5-96c9-020a5c297d8f,2017,f9a1b7fd-0ea3-431a-9be6-dd27080ea661,37,REPORT INTEGRATED REPORT GROUP ANNUAL FINANCIAL STATEMENTS,356,HEADING_WITH_BODY,contents_or_index_like,EXCLUDE,SUBSTANTIALLY_MODIFIED,NEEDS_REVIEW,"REPORT INTEGRATED REPORT GROUP ANNUAL FINANCIAL STATEMENTS  Content • An overview of the Group’s business model, stakeholder engagement, material matters and strategy • Performance and prospects • Operational reviews • A corporate governanc"
category:contents_or_index_like,SUR,e963ada9-264f-493c-8877-ced57861c1da,2023,bad20932-9285-4380-8ea1-c016d19fba97,1824,GRI 302 ESRS E1-5 SASB 130,51,HEADING_WITH_BODY,contents_or_index_like,EXCLUDE,SUBSTANTIALLY_MODIFIED,NEEDS_REVIEW,GRI 302 ESRS E1-5 SASB 130  The group has re-established its carbon footprint baseline. The results will inform the group’s climate strategy and mitigation plan. The focus will be on tapping into independent power producers who focus on ren
category:legitimate_short_abbreviation,SUR,e5036fd8-c4ab-4c24-a570-300a47c14646,2024,0a30ef7a-4c8a-46a9-a3f5-b779bca8f63f,323,FX,230,HEADING_WITH_BODY,legitimate_short_abbreviation,RETAIN,SUBSTANTIALLY_MODIFIED,NEEDS_REVIEW,"FX  Our purpose is to lead with unwavering integrity, fostering inclusivity and empowerment across all communities. We commit to creating opportunities that ensure everyone has a place at the table, driving positive change and nurturing a w"
category:legitimate_short_abbreviation,SUR,e5036fd8-c4ab-4c24-a570-300a47c14646,2024,6aef05ce-8e91-4270-847d-fffd4df10070,1839,CA,55,HEADING_WITH_BODY,legitimate_short_abbreviation,RETAIN,LIGHTLY_MODIFIED,NEEDS_REVIEW,"CA  André spent most of his career with the SAB/ SAB Miller group and was managing director of SAB Miller’s Africa and Asia portfolio for ten years. He previously served as chairman of Tiger Brands and Remgro’s TSB, and on the boards of SAB"
category:legitimate_short_abbreviation,SUR,c8ead76a-0251-4736-b4b1-3d7e092a4fce,2025,2e3f3828-50c1-49ad-9c0a-ea835e214afa,150,FC,21,HEADING_WITH_BODY,legitimate_short_abbreviation,RETAIN,SUBSTANTIALLY_MODIFIED,NEEDS_REVIEW,FC  The investment of financial capital requires a careful balance between short-term financial preservation and the long-term development of the group.
category:list_content,ACT,34ada83c-783b-46dd-811f-b6a3cfecb8ac,2021,b806369b-56f6-4175-a72d-e4fc76e6338a,994,Impact,3,HEADING_WITH_BODY,list_content,,NEW,HIGH,Impact  3. 1.
category:list_content,BEL,30230fbf-6933-4049-a5bd-ca6927a76349,2020,522c85d2-dc1b-447e-9419-6f073c803962,72,REGULATORY RISK,201,HEADING_WITH_BODY,list_content,,LIGHTLY_MODIFIED,NEEDS_REVIEW,REGULATORY RISK  It is recognised that there is an increased probability of risk of regulatory non compliance to laws and rules due to the geographic spread of the operations and therefore the size of the regulatory environment as well as t
category:list_content,KP2,8ac44907-16b3-41be-b0aa-a2047f51d366,2024,d9faf2a0-0227-4386-9efb-ff8b72872694,30,,723,LIST,list_content,,REMOVED,HIGH,"• On 24 January 2023, the Company announced an update of the JORC (2012) compliant Mineral Resource, Ore Reserve, PFS information and Production Target at the DX Project. The updated Mineral Resource incorporates the most recent drilling re"
category:numeric_or_table_like_source,ACT,df83cc42-dc79-40f7-802e-bd6cf9cc0e57,2022,7c1dd865-ef1f-4be7-8636-70aff52b3315,2,REPORT,5,HEADING_WITH_BODY,numeric_or_table_like_source,EXCLUDE,AMBIGUOUS,NEEDS_REVIEW,REPORT  (2021: 3.8 million lives)
category:numeric_or_table_like_source,KP2,9b42f11c-afea-49d9-8540-953b610f767e,2020,d86d241f-9ac5-4274-b142-a0f7a3789ecf,413,USD,262,HEADING_WITH_BODY,numeric_or_table_like_source,EXCLUDE,SUBSTANTIALLY_MODIFIED,NEEDS_REVIEW,"USD  USD 1,541,253,564 Fully Paid Ordinary Shares at par value of USD 0.001 each (31 December 2018: 860,852,693 Fully Paid Ordinary Shares at par value of USD 0.001) 1,541,253) 860,852) 1,541,253) 860,852) Fully Paid Ordinary Shares 1,541,2"
category:numeric_or_table_like_source,SUR,e5036fd8-c4ab-4c24-a570-300a47c14646,2024,50ecd761-20fd-4928-845d-04f7b53f1613,1229,in November 2023 4.44%,7,HEADING_WITH_BODY,numeric_or_table_like_source,EXCLUDE,LIGHTLY_MODIFIED,NEEDS_REVIEW,in November 2023 4.44%  in May 2024
category:ordinary_prose_false_positive,ACT,df83cc42-dc79-40f7-802e-bd6cf9cc0e57,2022,495564b5-86a2-4c2a-b846-5efc454204fd,201,Capitals impacted,64,HEADING_WITH_BODY,ordinary_prose_false_positive,RETAIN,LIGHTLY_MODIFIED,NEEDS_REVIEW,Capitals impacted  10% employee turnover (2021: 11.3%) 4 83% of the workforce are black (2021: 82%) 4 71% of the workforce are women (2021: 70%) 4 58% of the workforce are black women (2021: 57%) 4 31% black representation at senior managem
category:ordinary_prose_false_positive,BEL,5e143d2c-c26b-4d8f-bdd2-8c77fa9621fb,2018,b64f1a1b-2226-4e10-88c9-3dd0d58b0d17,25,,212,TABLE_CONTEXT,ordinary_prose_false_positive,RETAIN,SUBSTANTIALLY_MODIFIED,NEEDS_REVIEW,In southern Africa Bell adds Kobelco  excavators to its range and enters  the tipper truck market with Kamaz trucks. Expansion of  ELC and German  and Central European sales and distribution  departments  completed.  Large E-series ADT  rel
category:ordinary_prose_false_positive,KP2,9b42f11c-afea-49d9-8540-953b610f767e,2020,09330c4a-cb97-4071-b8d5-3f074025dbdb,525,,505,PARAGRAPH,ordinary_prose_false_positive,RETAIN,REMOVED,HIGH,"Grant Date Rights Series 4 (1) 17/09/2015 1 Dec 2016 2,666,090 16/09/2018 AUD 0.1451 Rights Series 5 (2) 17/09/2015 Refer below 2,666,090 16/09/2018 AUD 0.1507 Rights Series 6 (3) 17/09/2015 Refer below 2,666,090 16/09/2018 AUD 0.1510 Right"
category:short_fragment_invalid,ACT,b52a299a-4102-4e6c-bf39-cfe728ca20e3,2019,9682f2b0-f5f1-4517-9e92-98d14199d03b,113,st,1,HEADING_WITH_BODY,short_fragment_invalid,EXCLUDE,UNCHANGED,HIGH,st
category:short_fragment_invalid,ACT,b52a299a-4102-4e6c-bf39-cfe728ca20e3,2019,35cbaff4-63f7-4374-b8c8-2210d0b36d49,291,Co,1,HEADING_WITH_BODY,short_fragment_invalid,EXCLUDE,REMOVED,HIGH,Co
category:short_fragment_invalid,SUR,c8ead76a-0251-4736-b4b1-3d7e092a4fce,2025,2ce1dd41-5fb3-49db-8c9c-0e7699b0ddaa,2048,CA,1,HEADING_WITH_BODY,short_fragment_invalid,REVIEW,SUBSTANTIALLY_MODIFIED,NEEDS_REVIEW,CA
category:table_context,BEL,224ac57d-bedf-4268-a773-9184fb8605d9,2019,662e64b5-0a55-4c23-8f29-886fa7e38202,448,,81,TABLE_CONTEXT,table_context,,REMOVED,HIGH,A full list of partners and directors is available on request *Partner and Registered Auditor  B-BBEE rating: Level 1 contribution in terms of the DTI Generic Scorecard as per the amended Codes of Good Practice  Associate of Deloitte Africa
category:table_context,BEL,1276e697-8e26-4a65-9eb4-f11619aaef07,2021,29b82b80-72d1-43d5-97bd-aaf8b7ab2de2,658,,102,TABLE_CONTEXT,table_context,,NEW,HIGH,"The group’s credit risk exposure to WesBank has been disclosed below:  At year-end the group’s credit risk exposure to WesBank under Bell-backed deals, for which the group carries all the credit risk, totalled 112 739 165 612  In the event "
category:table_context,BEL,6e756e03-f4f6-4223-a495-88b691b06da6,2022,04520753-bf34-4a4a-8e60-c9ac5cf727df,566,,131,TABLE_CONTEXT,table_context,,AMBIGUOUS,NEEDS_REVIEW,2018 BECSA Spend: R270 000 Additional specialised classrooms to accommodate increased number of learners  2017 BECSA Spend: R291 153 Overhaul of four bathrooms  2021 BESSA Spend: R304 950 Learner support function costs (school governing bod
two_char:body_bearing,SUR,e963ada9-264f-493c-8877-ced57861c1da,2023,a436420d-929a-42cd-9a25-bef45c07fdf2,949,TI,36,HEADING_WITH_BODY,caption_or_label_like,REVIEW,SUBSTANTIALLY_MODIFIED,NEEDS_REVIEW,TI  Grow core categories  Product quality and compliance  Franchisee participation  ESG strategy  Technology innovation  Young/ new families  More youth  Loyalty/ family club  Customer added value  Reward partnerships  Franchisee transforma
two_char:body_bearing,SUR,e5036fd8-c4ab-4c24-a570-300a47c14646,2024,0a30ef7a-4c8a-46a9-a3f5-b779bca8f63f,323,FX,230,HEADING_WITH_BODY,legitimate_short_abbreviation,RETAIN,SUBSTANTIALLY_MODIFIED,NEEDS_REVIEW,"FX  Our purpose is to lead with unwavering integrity, fostering inclusivity and empowerment across all communities. We commit to creating opportunities that ensure everyone has a place at the table, driving positive change and nurturing a w"
two_char:body_bearing,SUR,e5036fd8-c4ab-4c24-a570-300a47c14646,2024,15fbe698-33df-40f8-8e66-4a9f6d22016c,1041,is,2,HEADING_WITH_BODY,broken_fragment_sequence,EXCLUDE,SUBSTANTIALLY_MODIFIED,NEEDS_REVIEW,is  ri
two_char:word_count_1,ACT,b52a299a-4102-4e6c-bf39-cfe728ca20e3,2019,9682f2b0-f5f1-4517-9e92-98d14199d03b,113,st,1,HEADING_WITH_BODY,short_fragment_invalid,EXCLUDE,UNCHANGED,HIGH,st
two_char:word_count_1,ACT,b52a299a-4102-4e6c-bf39-cfe728ca20e3,2019,35cbaff4-63f7-4374-b8c8-2210d0b36d49,291,Co,1,HEADING_WITH_BODY,short_fragment_invalid,EXCLUDE,REMOVED,HIGH,Co
two_char:word_count_1,SUR,c8ead76a-0251-4736-b4b1-3d7e092a4fce,2025,2ce1dd41-5fb3-49db-8c9c-0e7699b0ddaa,2048,CA,1,HEADING_WITH_BODY,short_fragment_invalid,REVIEW,SUBSTANTIALLY_MODIFIED,NEEDS_REVIEW,CA
