ticker,report_pair_id,population,analyzed_words,words_vs_baseline_pct,net_tone_change,net_tone_change_delta_vs_baseline,positive_rate_change,negative_rate_change,uncertainty_rate_change,litigious_rate_change,constraining_rate_change,strong_modal_rate_change,weak_modal_rate_change
ACT,3508eec4-4453-48f1-97fb-8533ed6f554e,1_all_alignments,75360,1.0,0.05311658452871271,0.0,0.3404474641514419,0.2873308796227292,-0.40901799051024845,0.9473612956517199,0.15160164763029327,-0.046822569379639134,-0.4497283060916608
ACT,3508eec4-4453-48f1-97fb-8533ed6f554e,2_exclude_needs_review,23511,0.31198248407643314,-1.9213230872662823,-1.974439671794995,0.8611633509259846,2.782486438192267,-0.15608044648407038,1.6869550634253052,-0.5952576774388563,-0.6831920652757617,-0.9546632063475025
ACT,3508eec4-4453-48f1-97fb-8533ed6f554e,3_high_medium_low,23511,0.31198248407643314,-1.9213230872662823,-1.974439671794995,0.8611633509259846,2.782486438192267,-0.15608044648407038,1.6869550634253052,-0.5952576774388563,-0.6831920652757617,-0.9546632063475025
ACT,3508eec4-4453-48f1-97fb-8533ed6f554e,4_high_medium_only,22083,0.29303343949044586,-2.8827647030486308,-2.9358812875773435,0.7618793518096467,3.6446440548582775,-0.23513513847354872,1.0727083402814062,-0.7626698881020584,-0.7112356205771655,-0.5745716590268746
ACT,3508eec4-4453-48f1-97fb-8533ed6f554e,5_high_only,21579,0.2863455414012739,-2.708979805744498,-2.7620963902732107,0.8150227756677282,3.524002581412226,-0.33277447653280845,1.1719407643464512,-0.6949357968296246,-0.8147031656679431,-0.6479185744288332
ACT,3508eec4-4453-48f1-97fb-8533ed6f554e,6_exclude_ambiguous,74149,0.9839304670912952,0.31332814223357275,0.26021155770486004,0.7294715158399043,0.4161433736063316,-0.41347400116828226,0.8476625653345646,0.22261823832387684,-0.057805594909149605,-0.4470361925799504
ACT,3508eec4-4453-48f1-97fb-8533ed6f554e,7_exclude_collision_flagged,25181,0.33414278131634817,-2.468659781841721,-2.5217763663704336,0.15714989600067497,2.625809677842396,-0.15916358286565213,1.9778774334661717,-0.624819171869377,-0.487318553673842,-1.0072803645457118
ACT,3508eec4-4453-48f1-97fb-8533ed6f554e,8_exclude_split_merge_flagged,75360,1.0,0.05311658452871271,0.0,0.3404474641514419,0.2873308796227292,-0.40901799051024845,0.9473612956517199,0.15160164763029327,-0.046822569379639134,-0.4497283060916608
ACT,efc86601-4fe3-4420-ac32-87638b0fa2ca,1_all_alignments,95169,1.0,4.6052677024129025,0.0,4.56919481847096,-0.036072883941942635,0.470769488080359,-3.158425764662664,-1.1910932834518952,1.0392457676052773,-0.44375528937400377
ACT,efc86601-4fe3-4420-ac32-87638b0fa2ca,2_exclude_needs_review,35099,0.36880706952894327,4.3266740805509825,-0.27859362186192005,3.612924965174228,-0.7137491153767543,1.727297114302294,-7.447071598422861,-2.471752776689299,3.709597405988313,-1.5018937625841096
ACT,efc86601-4fe3-4420-ac32-87638b0fa2ca,3_high_medium_low,35099,0.36880706952894327,4.3266740805509825,-0.27859362186192005,3.612924965174228,-0.7137491153767543,1.727297114302294,-7.447071598422861,-2.471752776689299,3.709597405988313,-1.5018937625841096
ACT,efc86601-4fe3-4420-ac32-87638b0fa2ca,4_high_medium_only,32024,0.33649612794082107,4.851816812758236,0.24654911034533367,3.8749983910620287,-0.9768184216962075,0.7733521257288487,-8.10827508977874,-2.696837471521798,4.230798934239487,-1.6592333732349953
ACT,efc86601-4fe3-4420-ac32-87638b0fa2ca,5_high_only,30643,0.321985100190188,4.871963167238982,0.2666954648260793,4.484415422241122,-0.3875477449978595,0.8447547853661064,-8.3503693819966,-3.0347820744061105,4.5566234438910715,-1.8870513176097683
ACT,efc86601-4fe3-4420-ac32-87638b0fa2ca,6_exclude_ambiguous,88966,0.9348212127898791,4.576690381726284,-0.02857732068661889,4.628179565266933,0.051489183540649464,0.5824801091862675,-3.1434638937231547,-1.1182331220658437,1.3230797135993786,-0.5093916752042165
ACT,efc86601-4fe3-4420-ac32-87638b0fa2ca,7_exclude_collision_flagged,42806,0.44978932215322215,4.204547970308413,-0.4007197321044895,3.810889497822549,-0.39365847248586405,2.0543878574152545,-6.610718208449561,-2.233457024471134,2.564752167808596,-1.2106127281894388
ACT,efc86601-4fe3-4420-ac32-87638b0fa2ca,8_exclude_split_merge_flagged,95169,1.0,4.6052677024129025,0.0,4.56919481847096,-0.036072883941942635,0.470769488080359,-3.158425764662664,-1.1910932834518952,1.0392457676052773,-0.44375528937400377
ACT,7022dc8d-a738-42dd-87d0-1c3671a93aba,1_all_alignments,75599,1.0,-6.579886746621122,0.0,-5.313594746826563,1.266291999794559,-0.04441208355277659,0.5642956142528668,-0.26538312895921035,-1.2345389215369078,0.13826671708960303
ACT,7022dc8d-a738-42dd-87d0-1c3671a93aba,2_exclude_needs_review,22908,0.30301988121536,-10.708087980799743,-4.12820123417862,-7.112526713730196,3.595561267069547,1.4509098153570221,-0.6758545296601097,0.8109875123977242,-0.5973851198992355,0.4366855835987744
ACT,7022dc8d-a738-42dd-87d0-1c3671a93aba,3_high_medium_low,22908,0.30301988121536,-10.708087980799743,-4.12820123417862,-7.112526713730196,3.595561267069547,1.4509098153570221,-0.6758545296601097,0.8109875123977242,-0.5973851198992355,0.4366855835987744
ACT,7022dc8d-a738-42dd-87d0-1c3671a93aba,4_high_medium_only,21261,0.28123387875501,-10.665984310641482,-4.08609756402036,-7.06144080309001,3.6045435075514725,1.6477372147711202,-1.1009522467142956,1.0055859666501785,-0.5058392155803748,0.31184087492620405
ACT,7022dc8d-a738-42dd-87d0-1c3671a93aba,5_high_only,19502,0.25796637521660337,-11.415509588020193,-4.83562284139907,-7.507650067123903,3.9078595208962907,1.5200743097066614,-1.5210333471260356,0.45924814604989006,-0.42369837261812204,0.1760269590649699
ACT,7022dc8d-a738-42dd-87d0-1c3671a93aba,6_exclude_ambiguous,69718,0.9222079657138322,-6.437196024492231,0.14269072212889178,-4.8630841275707954,1.5741118969214352,0.23390407757246834,0.8137351860861637,-0.40875432430336023,-0.7058441741774146,0.24490543603012505
ACT,7022dc8d-a738-42dd-87d0-1c3671a93aba,7_exclude_collision_flagged,30172,0.3991058082778873,-9.832591310813024,-3.2527045641919017,-7.643016358424907,2.189574952388117,-0.020117956502433643,-1.0697552800876853,0.9521085683685984,-2.1695860753499527,-0.01722288851812337
ACT,7022dc8d-a738-42dd-87d0-1c3671a93aba,8_exclude_split_merge_flagged,75599,1.0,-6.579886746621122,0.0,-5.313594746826563,1.266291999794559,-0.04441208355277659,0.5642956142528668,-0.26538312895921035,-1.2345389215369078,0.13826671708960303
ACT,d4b52e4b-2e0c-44f7-93b6-83b1fe0e6d43,1_all_alignments,65233,1.0,3.5795524585380445,0.0,3.07411593462286,-0.5054365239151846,-0.8859213463686268,-0.3611554606526992,-0.2028356254280963,-0.7297177470794738,-0.6700397042426713
ACT,d4b52e4b-2e0c-44f7-93b6-83b1fe0e6d43,2_exclude_needs_review,23461,0.3596492572777582,5.138273746347759,1.558721287809714,3.36220447658631,-1.7760692697614484,-0.6727468880538678,-1.499801541853686,-0.9647513852728316,-1.495211650804586,-1.7487484897072785
ACT,d4b52e4b-2e0c-44f7-93b6-83b1fe0e6d43,3_high_medium_low,23461,0.3596492572777582,5.138273746347759,1.558721287809714,3.36220447658631,-1.7760692697614484,-0.6727468880538678,-1.499801541853686,-0.9647513852728316,-1.495211650804586,-1.7487484897072785
ACT,d4b52e4b-2e0c-44f7-93b6-83b1fe0e6d43,4_high_medium_only,22220,0.34062514371560404,6.299324790966816,2.7197723324287715,3.2231676489717636,-3.0761571419950524,-0.8419997452041388,-1.5170411495316456,-0.8884329383997485,-1.5151972321123246,-1.7138374268300043
ACT,d4b52e4b-2e0c-44f7-93b6-83b1fe0e6d43,5_high_only,21246,0.32569405055723333,5.815273433946299,2.2357209754082543,2.689641464810851,-3.1256319691354477,-0.8156411043267742,-1.4188341999071108,-0.7913154146809172,-1.553693850950527,-1.703656614108902
ACT,d4b52e4b-2e0c-44f7-93b6-83b1fe0e6d43,6_exclude_ambiguous,62681,0.9608786963653365,3.707784847541724,0.12823238900367961,3.257289188309045,-0.4504956592326792,-0.7041782763816071,-0.28440933490735354,-0.25622909247470815,-0.7949151538185824,-0.7016318010558265
ACT,d4b52e4b-2e0c-44f7-93b6-83b1fe0e6d43,7_exclude_collision_flagged,27216,0.41721214722609723,5.018155433870536,1.4386029753324916,3.3550787636571258,-1.6630766702134103,-1.056183444493465,-1.7806706805422197,-0.7601709357347377,-1.098895751693354,-1.484658171783493
ACT,d4b52e4b-2e0c-44f7-93b6-83b1fe0e6d43,8_exclude_split_merge_flagged,65233,1.0,3.5795524585380445,0.0,3.07411593462286,-0.5054365239151846,-0.8859213463686268,-0.3611554606526992,-0.2028356254280963,-0.7297177470794738,-0.6700397042426713
ACT,01cdd41c-b18e-42ae-9105-7d4105383940,1_all_alignments,73740,1.0,-1.9748438324375588,0.0,0.3175653371885119,2.2924091696260707,0.6905135529241031,-0.4424663253755341,-0.22717588257655796,0.37804450136725887,0.7629798173917322
ACT,01cdd41c-b18e-42ae-9105-7d4105383940,2_exclude_needs_review,27185,0.36866015730946566,0.5332648719274555,2.5081087043650143,6.0011221664545715,5.467857294527116,1.871832580842038,-0.8142116892087641,0.1252248078228888,1.5072224678394095,1.5851735178216493
ACT,01cdd41c-b18e-42ae-9105-7d4105383940,3_high_medium_low,27185,0.36866015730946566,0.5332648719274555,2.5081087043650143,6.0011221664545715,5.467857294527116,1.871832580842038,-0.8142116892087641,0.1252248078228888,1.5072224678394095,1.5851735178216493
ACT,01cdd41c-b18e-42ae-9105-7d4105383940,4_high_medium_only,26761,0.3629102251152699,0.39289976725167364,2.3677435996892324,5.828279901399956,5.435380134148282,1.901183824333395,-0.9718602137184575,0.18968994370233938,1.5664856324607905,1.6318587736077568
ACT,01cdd41c-b18e-42ae-9105-7d4105383940,5_high_only,25836,0.35036615134255494,0.3883250900159041,2.363168922453463,6.366324609598966,5.9779995195830615,1.9899909505390063,-1.037713041015869,0.11014406748129968,1.726119689824392,1.7070400073977356
ACT,01cdd41c-b18e-42ae-9105-7d4105383940,6_exclude_ambiguous,70924,0.9618117710876051,-2.3707198774985585,-0.3958760450609997,-0.09958406296976108,2.2711358145287974,0.8646310381353484,-0.5050650529598188,-0.28623656772928374,0.5488816588501813,0.8987558728005234
ACT,01cdd41c-b18e-42ae-9105-7d4105383940,7_exclude_collision_flagged,30606,0.4150528885272579,0.7375781020775616,2.7124219345151204,6.080945745649508,5.343367643571947,1.4601610383367376,-0.566595317827141,0.11397950047150829,0.9739820339507874,1.1768498458800105
ACT,01cdd41c-b18e-42ae-9105-7d4105383940,8_exclude_split_merge_flagged,73740,1.0,-1.9748438324375588,0.0,0.3175653371885119,2.2924091696260707,0.6905135529241031,-0.4424663253755341,-0.22717588257655796,0.37804450136725887,0.7629798173917322
ACT,8b48a478-e2cb-404b-9684-c7a06d955979,1_all_alignments,97078,1.0,4.467694352471748,0.0,8.859129587780268,4.391435235308521,-0.3788777546359654,-2.604224524218746,-1.1892341470913177,-1.382791403928746,-1.365099417811088
ACT,8b48a478-e2cb-404b-9684-c7a06d955979,2_exclude_needs_review,57686,0.5942232019613095,7.566177702456036,3.0984833499842885,12.1690145350222,4.6028368325661635,0.10910273995380049,-5.766881093856471,-1.9720142630269075,-1.2849748697105108,-1.8805325105698607
ACT,8b48a478-e2cb-404b-9684-c7a06d955979,3_high_medium_low,57686,0.5942232019613095,7.566177702456036,3.0984833499842885,12.1690145350222,4.6028368325661635,0.10910273995380049,-5.766881093856471,-1.9720142630269075,-1.2849748697105108,-1.8805325105698607
ACT,8b48a478-e2cb-404b-9684-c7a06d955979,4_high_medium_only,52634,0.5421825748367293,8.259873155371872,3.792178802900125,13.176290605008996,4.916417449637123,0.3884950028968266,-6.221222682322793,-2.196611535300563,-1.2937189534437414,-1.8012163166462527
ACT,8b48a478-e2cb-404b-9684-c7a06d955979,5_high_only,0,0.0,,,,,,,,,
ACT,8b48a478-e2cb-404b-9684-c7a06d955979,6_exclude_ambiguous,93478,0.9629164177259524,4.754589022643108,0.2868946701713604,8.909992628247442,4.155403605604334,-0.43408969569347544,-2.593727686658413,-1.042286294124045,-1.3849355279776714,-1.2663992558985602
ACT,8b48a478-e2cb-404b-9684-c7a06d955979,7_exclude_collision_flagged,62736,0.6462432270957374,6.686248599544241,2.2185542470724933,11.565253402475111,4.87900480293087,0.12950071590394963,-5.407732054166677,-2.223537263281365,-1.233368611598244,-1.933375036168127
ACT,8b48a478-e2cb-404b-9684-c7a06d955979,8_exclude_split_merge_flagged,97078,1.0,4.467694352471748,0.0,8.859129587780268,4.391435235308521,-0.3788777546359654,-2.604224524218746,-1.1892341470913177,-1.382791403928746,-1.365099417811088
ACT,f186f164-e96f-49e3-9aca-46422253fdf6,1_all_alignments,93253,1.0,4.41040445534404,0.0,4.2228251927328415,-0.18757926261119806,0.27152911168575145,-0.6303798184936547,0.3841493877721973,-0.35832372766177967,-0.17190335892825792
ACT,f186f164-e96f-49e3-9aca-46422253fdf6,2_exclude_needs_review,22043,0.2363784543124618,8.294272701274018,3.8838682459299783,9.485961884848408,1.1916891835743897,-1.5068737610699028,-3.115173993569673,-1.9283287313262814,0.2667960858748635,-0.5551404361000125
ACT,f186f164-e96f-49e3-9aca-46422253fdf6,3_high_medium_low,22043,0.2363784543124618,8.294272701274018,3.8838682459299783,9.485961884848408,1.1916891835743897,-1.5068737610699028,-3.115173993569673,-1.9283287313262814,0.2667960858748635,-0.5551404361000125
ACT,f186f164-e96f-49e3-9aca-46422253fdf6,4_high_medium_only,20680,0.22176230255326906,8.586611870998093,4.176207415654053,10.37739997013294,1.790788099134847,-1.6954962254409978,-3.3383951674320835,-2.047731383489849,0.15871124933210723,-0.5520512035512091
ACT,f186f164-e96f-49e3-9aca-46422253fdf6,5_high_only,19508,0.20919434227317082,8.551624808713655,4.141220353369615,10.383037189496054,1.8314123807823997,-2.0273622198957177,-3.4966805617105825,-2.2914331101168535,0.17693682075817785,-0.6099384862407107
ACT,f186f164-e96f-49e3-9aca-46422253fdf6,6_exclude_ambiguous,88790,0.9521409498890117,3.8882062754738644,-0.5221981798701751,3.907263504354553,0.019057228880688726,0.24879189688559133,-0.5678687281480848,0.28727836167491017,-0.49377732841700395,-0.34785858812078163
ACT,f186f164-e96f-49e3-9aca-46422253fdf6,7_exclude_collision_flagged,27435,0.2941996504133915,8.840592279930807,4.430187824586767,9.285894402765127,0.44530212283432036,-0.8331044584821026,-2.7170255584947904,-1.2390561682977008,0.490113409496459,0.1128312863087868
ACT,f186f164-e96f-49e3-9aca-46422253fdf6,8_exclude_split_merge_flagged,93253,1.0,4.41040445534404,0.0,4.2228251927328415,-0.18757926261119806,0.27152911168575145,-0.6303798184936547,0.3841493877721973,-0.35832372766177967,-0.17190335892825792
ACT,1bd7426f-c90f-40bf-a674-ceba14e90b2d,1_all_alignments,87308,1.0,2.8258159750697054,0.0,3.06281777923569,0.2370018041659847,-0.5241375539883002,0.07777048821824994,-0.09143841233393513,-0.8833305997485104,-0.28456618008856793
ACT,1bd7426f-c90f-40bf-a674-ceba14e90b2d,2_exclude_needs_review,26254,0.3007055481742796,8.20698966534481,5.381173690275105,6.267892485266934,-1.9390971800778765,-2.5524688861061637,-1.4603671906930051,-1.6667711937136422,-1.462500475034628,-1.466055948937333
ACT,1bd7426f-c90f-40bf-a674-ceba14e90b2d,3_high_medium_low,26254,0.3007055481742796,8.20698966534481,5.381173690275105,6.267892485266934,-1.9390971800778765,-2.5524688861061637,-1.4603671906930051,-1.6667711937136422,-1.462500475034628,-1.466055948937333
ACT,1bd7426f-c90f-40bf-a674-ceba14e90b2d,4_high_medium_only,24795,0.2839945938516516,10.838842590209671,8.013026615139966,7.0553562225663775,-3.7834863676432935,-3.138631297965066,-3.2941522932994367,-2.377933610061237,-1.6003286333893865,-1.6287029079885147
ACT,1bd7426f-c90f-40bf-a674-ceba14e90b2d,5_high_only,23533,0.26954001924222293,11.942388905832594,9.116572930762889,7.446851125016035,-4.495537780816559,-3.04825397679296,-3.399747825650606,-1.756543727694508,-1.5432266140394786,-1.6000446561756467
ACT,1bd7426f-c90f-40bf-a674-ceba14e90b2d,6_exclude_ambiguous,83326,0.9543913501626426,2.573940764303604,-0.25187521076610153,2.501436958545945,-0.07250380575765902,-0.5466552663411237,0.04661300893618403,-0.09101058054855571,-0.8417589007413664,-0.26178671012652166
ACT,1bd7426f-c90f-40bf-a674-ceba14e90b2d,7_exclude_collision_flagged,31914,0.3655335135382783,8.248300772315826,5.4224847972461205,7.431997676788956,-0.8163030955268695,-2.0407102876112493,-1.444367257149474,-1.2651203267679842,-1.569590989585409,-1.3637002070770625
ACT,1bd7426f-c90f-40bf-a674-ceba14e90b2d,8_exclude_split_merge_flagged,87308,1.0,2.8258159750697054,0.0,3.06281777923569,0.2370018041659847,-0.5241375539883002,0.07777048821824994,-0.09143841233393513,-0.8833305997485104,-0.28456618008856793
ACT,6f19666e-09f0-4284-b84c-d6d79da10f5f,1_all_alignments,78906,1.0,-2.451732244362976,0.0,-1.4142421917954735,1.0374900525675024,0.05179906709377313,0.3987754468429694,0.2529411502558867,0.45265189250502846,-0.24635311356726142
ACT,6f19666e-09f0-4284-b84c-d6d79da10f5f,2_exclude_needs_review,23141,0.29327300838972953,-3.1436314363143616,-0.6918991919513857,-2.2609680537736665,0.8826633825406951,0.4236725034683513,2.405318476869735,0.6588193504815187,1.4894866683648154,0.09617129801651547
ACT,6f19666e-09f0-4284-b84c-d6d79da10f5f,3_high_medium_low,23141,0.29327300838972953,-3.1436314363143616,-0.6918991919513857,-2.2609680537736665,0.8826633825406951,0.4236725034683513,2.405318476869735,0.6588193504815187,1.4894866683648154,0.09617129801651547
ACT,6f19666e-09f0-4284-b84c-d6d79da10f5f,4_high_medium_only,20928,0.26522697893696295,-3.1023424229574683,-0.6506101785944924,-2.0593205504217824,1.043021872535686,-0.4786416862449858,2.6680620000923723,0.9008149433975747,2.251191567482624,0.32942134400183054
ACT,6f19666e-09f0-4284-b84c-d6d79da10f5f,5_high_only,19823,0.25122297417179934,-3.9843078395033658,-1.5325755951403899,-2.7511904841335664,1.2331173553697994,-0.5855965055479313,2.6462781266207207,0.9959260411301774,1.999678675456598,0.34932658996605337
ACT,6f19666e-09f0-4284-b84c-d6d79da10f5f,6_exclude_ambiguous,76538,0.9699896078878666,-2.3427073841575634,0.10902486020541247,-1.579976821596773,0.7627305625607903,-0.2022744800332248,0.9090985172301274,0.3573806768929195,0.49668897596170414,-0.24067574524628466
ACT,6f19666e-09f0-4284-b84c-d6d79da10f5f,7_exclude_collision_flagged,25826,0.32730083897295514,-3.0336989585822973,-0.5819667142193214,-1.587858866674683,1.4458400919076144,1.0295424041621928,0.5454215676013874,0.35327263936207665,1.256839917076829,0.03147503903204729
ACT,6f19666e-09f0-4284-b84c-d6d79da10f5f,8_exclude_split_merge_flagged,78906,1.0,-2.451732244362976,0.0,-1.4142421917954735,1.0374900525675024,0.05179906709377313,0.3987754468429694,0.2529411502558867,0.45265189250502846,-0.24635311356726142
BEL,15448205-d33c-49ad-9637-b06e00e113fa,1_all_alignments,68969,1.0,1.270871576141559,0.0,-0.046435895993678145,-1.3173074721352371,0.16615342721125703,0.11145271043388849,0.6144108308334264,-0.23526774921818516,0.536462309425676
BEL,15448205-d33c-49ad-9637-b06e00e113fa,2_exclude_needs_review,11996,0.1739332163725732,-0.9783683502899017,-2.2492399264314606,-1.8676525754709914,-0.8892842251810897,2.0263023937827507,1.1618749750458797,1.5065337811784705,0.3141299767413699,-0.26680751078157017
BEL,15448205-d33c-49ad-9637-b06e00e113fa,3_high_medium_low,11996,0.1739332163725732,-0.9783683502899017,-2.2492399264314606,-1.8676525754709914,-0.8892842251810897,2.0263023937827507,1.1618749750458797,1.5065337811784705,0.3141299767413699,-0.26680751078157017
BEL,15448205-d33c-49ad-9637-b06e00e113fa,4_high_medium_only,11288,0.16366773477939364,1.9831845253802882,0.7123129492387292,-1.5457580057472402,-3.5289425311275284,1.5515384193936397,0.602922275552821,1.5324379221272721,0.4017387484248376,-0.2400128274918485
BEL,15448205-d33c-49ad-9637-b06e00e113fa,5_high_only,11178,0.1620728153228262,1.5262515262515262,0.25537995010996717,-1.831501831501832,-3.3577533577533583,1.4997080214471517,0.7034028773159209,1.6589690502733978,0.4910548388809257,-0.19907628603280791
BEL,15448205-d33c-49ad-9637-b06e00e113fa,6_exclude_ambiguous,62887,0.9118154533196073,0.47399049604251786,-0.7968810800990411,-0.8027475918978517,-1.2767380879403696,0.24192380707311312,-0.06207060555257993,0.7453359239279038,-0.22723272506716397,0.4428267057368036
BEL,15448205-d33c-49ad-9637-b06e00e113fa,7_exclude_collision_flagged,19716,0.28586756368803373,2.2459927476434327,0.9751211715018737,0.9875483221154493,-1.2584444255279834,1.4907057930063674,1.153328707802527,0.5116606128790915,-0.2510279871447727,0.3321784330197879
BEL,15448205-d33c-49ad-9637-b06e00e113fa,8_exclude_split_merge_flagged,68969,1.0,1.270871576141559,0.0,-0.046435895993678145,-1.3173074721352371,0.16615342721125703,0.11145271043388849,0.6144108308334264,-0.23526774921818516,0.536462309425676
BEL,9586003a-ee0f-45b8-83ed-1eeb58a36532,1_all_alignments,72141,1.0,-1.0583150486080957,0.0,-1.5442619273188853,-0.4859468787107897,0.4882473758909409,-0.027870399986473338,-0.8341538015923282,-0.4382655283093242,-0.3525604441872734
BEL,9586003a-ee0f-45b8-83ed-1eeb58a36532,2_exclude_needs_review,11940,0.16550921112820727,-2.0191473263599153,-0.9608322777518197,-1.552174976571811,0.4669723497881044,3.7389908392300812,1.3560068771548233,0.5783425687783366,-1.1054384846128202,-1.1073365087959257
BEL,9586003a-ee0f-45b8-83ed-1eeb58a36532,3_high_medium_low,11940,0.16550921112820727,-2.0191473263599153,-0.9608322777518197,-1.552174976571811,0.4669723497881044,3.7389908392300812,1.3560068771548233,0.5783425687783366,-1.1054384846128202,-1.1073365087959257
BEL,9586003a-ee0f-45b8-83ed-1eeb58a36532,4_high_medium_only,11560,0.1602417487974938,-2.099524401297611,-1.0412093526895152,-1.3821765631814849,0.717347838116126,4.088802069414269,0.403163250361402,0.9232078798263492,-1.078222971475611,-1.0909342089908505
BEL,9586003a-ee0f-45b8-83ed-1eeb58a36532,5_high_only,11343,0.1572337505717969,-2.587561253338256,-1.5292462047301605,-1.4816597658370867,1.1059014875011695,4.17956938797629,0.3715996632102021,0.6168290063211597,-1.1146055656712703,-1.1248892728426119
BEL,9586003a-ee0f-45b8-83ed-1eeb58a36532,6_exclude_ambiguous,66550,0.9224989950236343,-1.636439017978061,-0.5781239693699654,-2.015714764186617,-0.3792757462085561,0.6898488391925648,0.14998545490395365,-0.4955291186574353,-0.5854198661249459,-0.26923651147731875
BEL,9586003a-ee0f-45b8-83ed-1eeb58a36532,7_exclude_collision_flagged,19019,0.26363648965220887,0.08851388454615794,1.1468289331542536,0.2845200260719274,0.19600614152576945,1.1887928043967602,0.05164606268774197,-0.6671986833365224,-0.5117938139839491,-1.1481915322235652
BEL,9586003a-ee0f-45b8-83ed-1eeb58a36532,8_exclude_split_merge_flagged,72141,1.0,-1.0583150486080957,0.0,-1.5442619273188853,-0.4859468787107897,0.4882473758909409,-0.027870399986473338,-0.8341538015923282,-0.4382655283093242,-0.3525604441872734
BEL,f2bf4ba7-cd10-4079-b827-e8a9ee1af1f3,1_all_alignments,86269,1.0,-3.825999233824822,0.0,-1.188880395100112,2.63711883872471,-0.02653165251050993,0.45154657696017164,1.1430039949239248,0.7181961701816295,0.31419096604502283
BEL,f2bf4ba7-cd10-4079-b827-e8a9ee1af1f3,2_exclude_needs_review,20771,0.24077014918452747,-11.472987302757536,-7.646988068932714,-3.2261291354540322,8.246858167303504,-1.6674488432177164,-0.6627011127476372,1.703142076280888,1.7173241009435376,1.0332308654986524
BEL,f2bf4ba7-cd10-4079-b827-e8a9ee1af1f3,3_high_medium_low,20771,0.24077014918452747,-11.472987302757536,-7.646988068932714,-3.2261291354540322,8.246858167303504,-1.6674488432177164,-0.6627011127476372,1.703142076280888,1.7173241009435376,1.0332308654986524
BEL,f2bf4ba7-cd10-4079-b827-e8a9ee1af1f3,4_high_medium_only,20175,0.2338615261565568,-12.0214472443968,-8.195448010571978,-3.315333314852648,8.706113929544152,-2.0439461307582203,-0.7831942037478967,1.9025087716016804,2.0193578787822526,1.0265797501052139
BEL,f2bf4ba7-cd10-4079-b827-e8a9ee1af1f3,5_high_only,20132,0.23336308523339785,-12.050524763186916,-8.224525529362094,-3.292644038827026,8.75788072435989,-2.0905183159803755,-0.768655444352838,1.922334352594942,2.034557490877087,1.0347302667357772
BEL,f2bf4ba7-cd10-4079-b827-e8a9ee1af1f3,6_exclude_ambiguous,79586,0.9225330072215976,-3.2741508158946484,0.5518484179301737,-0.24426821731736048,3.029882598577288,0.08762151829993048,0.6126023859294403,1.2091453133134369,0.8052304115346032,0.36077775194822004
BEL,f2bf4ba7-cd10-4079-b827-e8a9ee1af1f3,7_exclude_collision_flagged,28723,0.332946945020807,-10.740436604666819,-6.914437370841997,-5.355094124051542,5.385342480615277,-1.0220310242800252,-0.7023713123647033,1.4859435272017043,1.4303950202773579,0.7699800235603946
BEL,f2bf4ba7-cd10-4079-b827-e8a9ee1af1f3,8_exclude_split_merge_flagged,86269,1.0,-3.825999233824822,0.0,-1.188880395100112,2.63711883872471,-0.02653165251050993,0.45154657696017164,1.1430039949239248,0.7181961701816295,0.31419096604502283
BEL,99605b80-c80b-483a-9156-3405eb9a5c71,1_all_alignments,74210,1.0,2.9661756517271485,0.0,4.348824629426639,1.3826489776994908,2.175312159999283,-0.592146062274157,-0.4984967382491039,-0.8675146744822761,-0.15164945821049236
BEL,99605b80-c80b-483a-9156-3405eb9a5c71,2_exclude_needs_review,29940,0.4034496698558146,6.359615716424978,3.3934400646978293,6.688784833205714,0.32916911678073646,2.922939768787592,-1.1813618752829989,-2.1825197548460205,-1.3205717583273908,0.06805703104357441
BEL,99605b80-c80b-483a-9156-3405eb9a5c71,3_high_medium_low,29940,0.4034496698558146,6.359615716424978,3.3934400646978293,6.688784833205714,0.32916911678073646,2.922939768787592,-1.1813618752829989,-2.1825197548460205,-1.3205717583273908,0.06805703104357441
BEL,99605b80-c80b-483a-9156-3405eb9a5c71,4_high_medium_only,27319,0.368130979652338,5.848411945648307,2.8822362939211583,6.53121839823085,0.6828064525825432,4.647772573614882,-1.0254047893509144,-1.0311147616303868,-1.776537760119115,0.6863555685448373
BEL,99605b80-c80b-483a-9156-3405eb9a5c71,5_high_only,26702,0.35981673628890987,6.4103482169047545,3.444172565177606,7.151741986269071,0.7413937693643167,4.91493624395499,-1.0040668713098064,-1.839958243888156,-2.1476655670678375,0.6598919072602696
BEL,99605b80-c80b-483a-9156-3405eb9a5c71,6_exclude_ambiguous,71565,0.9643579032475408,3.13967440411267,0.17349875238552137,4.641252443723689,1.5015780396110188,2.377284045313509,-0.8357844545735675,-0.7489320922000982,-0.9544538295086116,-0.1866688546020936
BEL,99605b80-c80b-483a-9156-3405eb9a5c71,7_exclude_collision_flagged,32585,0.4390917666082738,6.524194842715397,3.558019190988248,6.411625239267694,-0.11256960344770306,1.951883839168115,-0.4307228521890911,-1.007832017496698,-1.1262447720982909,-0.09141606965219484
BEL,99605b80-c80b-483a-9156-3405eb9a5c71,8_exclude_split_merge_flagged,74210,1.0,2.9661756517271485,0.0,4.348824629426639,1.3826489776994908,2.175312159999283,-0.592146062274157,-0.4984967382491039,-0.8675146744822761,-0.15164945821049236
BEL,797dd800-261d-4097-8bc9-86a0d1d27555,1_all_alignments,73993,1.0,-0.4427008280101532,0.0,-2.151564376378376,-1.7088635483682229,-2.4952280939349896,0.9907765838085316,0.6287645284706054,1.551124899030453,0.015163001594008074
BEL,797dd800-261d-4097-8bc9-86a0d1d27555,2_exclude_needs_review,29922,0.4043896044220399,0.4761904761904763,0.9188913042006295,-1.7092649982782948,-2.185455474468771,-2.1566863274351027,-1.364646161707043,1.516878269852377,2.53712775056372,0.024603729992113355
BEL,797dd800-261d-4097-8bc9-86a0d1d27555,3_high_medium_low,29922,0.4043896044220399,0.4761904761904763,0.9188913042006295,-1.7092649982782948,-2.185455474468771,-2.1566863274351027,-1.364646161707043,1.516878269852377,2.53712775056372,0.024603729992113355
BEL,797dd800-261d-4097-8bc9-86a0d1d27555,4_high_medium_only,29377,0.39702404281486087,-0.4574360900208223,-0.014735262010669103,-1.6102532261142084,-1.152817136093386,-1.908156169383675,-1.4732188398988777,1.4806797191992107,2.7493678912746864,0.4465205623285051
BEL,797dd800-261d-4097-8bc9-86a0d1d27555,5_high_only,27522,0.3719541037665725,0.21697447672146275,0.659675304731616,-2.5181355708224764,-2.735110047543939,-1.7132818154733123,-1.9507258162393084,2.0899111452903156,2.2651287842211687,0.2902533902804083
BEL,797dd800-261d-4097-8bc9-86a0d1d27555,6_exclude_ambiguous,70661,0.9549687132566594,-1.7969020620849552,-1.354201234074802,-2.549457396505467,-0.7525553344205118,-2.688159545622617,1.022627595993697,0.775775057455732,1.5373295574948553,0.10554013177863797
BEL,797dd800-261d-4097-8bc9-86a0d1d27555,7_exclude_collision_flagged,34250,0.4628816239373995,6.314048415108161,6.756749243118314,-0.45067715778820094,-6.764725572896362,-1.6765316289198955,-0.576696635673752,1.463086138251243,2.743759082263152,-0.35458730590046805
BEL,797dd800-261d-4097-8bc9-86a0d1d27555,8_exclude_split_merge_flagged,73993,1.0,-0.4427008280101532,0.0,-2.151564376378376,-1.7088635483682229,-2.4952280939349896,0.9907765838085316,0.6287645284706054,1.551124899030453,0.015163001594008074
BEL,f61ef31c-7a51-4fcc-8d4b-e9c04f9db807,1_all_alignments,94996,1.0,-0.9376005221142467,0.0,-1.4844786369406648,-0.5468781148264181,-0.16717520903604832,-0.35091469085969695,-0.13208595644004184,0.006758521193590994,-0.023335649622972854
BEL,f61ef31c-7a51-4fcc-8d4b-e9c04f9db807,2_exclude_needs_review,15561,0.16380689713251084,5.311101847366824,6.24870236948107,3.024100267661608,-2.2870015797052154,-1.0846159640378445,-0.9668463124083182,0.36346921428165757,0.664338654485122,-0.8158655197333418
BEL,f61ef31c-7a51-4fcc-8d4b-e9c04f9db807,3_high_medium_low,15561,0.16380689713251084,5.311101847366824,6.24870236948107,3.024100267661608,-2.2870015797052154,-1.0846159640378445,-0.9668463124083182,0.36346921428165757,0.664338654485122,-0.8158655197333418
BEL,f61ef31c-7a51-4fcc-8d4b-e9c04f9db807,4_high_medium_only,14191,0.14938523727314834,5.078518347573669,6.016118869687916,3.121973415008088,-1.9565449325655813,-1.3662199659630003,-0.29259897553851033,0.3483777125403291,1.3900396412062674,-0.7585589040619287
BEL,f61ef31c-7a51-4fcc-8d4b-e9c04f9db807,5_high_only,12882,0.13560570971409322,5.138222411231015,6.075822933345262,3.2838223287072674,-1.8544000825237479,-1.1608308039350597,-0.5763524698248217,0.7977457781999115,1.4791019314254905,-0.681356153225579
BEL,f61ef31c-7a51-4fcc-8d4b-e9c04f9db807,6_exclude_ambiguous,89986,0.9472609373026233,-0.13751431008876125,0.8000862120254855,-0.9844313838443846,-0.8469170737556233,-0.33318639114483783,-0.10196793262874948,0.046461984071539675,-0.021243731045747616,-0.07320848131467095
BEL,f61ef31c-7a51-4fcc-8d4b-e9c04f9db807,7_exclude_collision_flagged,21712,0.22855699187334202,0.43736273545944115,1.3749632575736879,0.1280980143280388,-0.30926472113140235,-0.20163387761412555,-2.1191837637973077,-0.8282585441528303,1.175759198813786,-0.5225747293573053
BEL,f61ef31c-7a51-4fcc-8d4b-e9c04f9db807,8_exclude_split_merge_flagged,94996,1.0,-0.9376005221142467,0.0,-1.4844786369406648,-0.5468781148264181,-0.16717520903604832,-0.35091469085969695,-0.13208595644004184,0.006758521193590994,-0.023335649622972854
KP2,393f45ef-e61e-47f4-8ea5-f299cb518d79,1_all_alignments,94203,1.0,-0.42749106311591856,0.0,0.4503286980409795,0.8778197611568981,0.9669371594439049,-0.6109426835848426,0.5496295637616582,-0.2480892089886395,0.35096472376199395
KP2,393f45ef-e61e-47f4-8ea5-f299cb518d79,2_exclude_needs_review,33175,0.35216500536076345,-0.42158333580314533,0.0059077273127732255,1.0910146165011714,1.5125979523043167,0.46940375213896246,-0.5785179416565462,0.757217200876477,-0.18268126346994773,0.10696863471620421
KP2,393f45ef-e61e-47f4-8ea5-f299cb518d79,3_high_medium_low,33175,0.35216500536076345,-0.42158333580314533,0.0059077273127732255,1.0910146165011714,1.5125979523043167,0.46940375213896246,-0.5785179416565462,0.757217200876477,-0.18268126346994773,0.10696863471620421
KP2,393f45ef-e61e-47f4-8ea5-f299cb518d79,4_high_medium_only,31729,0.336815175737503,0.0007077007462736873,0.42819876386219224,1.1621718524830396,1.1614641517367659,0.2594717196818017,-0.34126681773294454,0.47066473058826563,0.06683796205404047,-0.010357081146319391
KP2,393f45ef-e61e-47f4-8ea5-f299cb518d79,5_high_only,31729,0.336815175737503,0.0007077007462736873,0.42819876386219224,1.1621718524830396,1.1614641517367659,0.2594717196818017,-0.34126681773294454,0.47066473058826563,0.06683796205404047,-0.010357081146319391
KP2,393f45ef-e61e-47f4-8ea5-f299cb518d79,6_exclude_ambiguous,88111,0.9353311465664575,-0.05891966081012434,0.3685714023057942,0.7249680004028498,0.7838876612129742,0.9057525497208747,-0.5710815571068384,0.5396089432579512,-0.31022482278722663,0.3725113213579305
KP2,393f45ef-e61e-47f4-8ea5-f299cb518d79,7_exclude_collision_flagged,39740,0.42185493031007504,-1.4538798293200763,-1.0263887662041578,0.21500005030988945,1.6688798796299658,0.6902638527269307,-0.7355275545241922,0.710788058679551,-0.13906910125733285,0.09291370352137518
KP2,393f45ef-e61e-47f4-8ea5-f299cb518d79,8_exclude_split_merge_flagged,94203,1.0,-0.42749106311591856,0.0,0.4503286980409795,0.8778197611568981,0.9669371594439049,-0.6109426835848426,0.5496295637616582,-0.2480892089886395,0.35096472376199395
KP2,6b6ff484-ea7d-4b87-9768-2d51318ec849,1_all_alignments,95387,1.0,-0.7023485521018014,0.0,0.03449361672392115,0.7368421688257225,0.738418334805413,0.427274972235391,0.7621670482147547,0.16873218237691345,0.4402175163706503
KP2,6b6ff484-ea7d-4b87-9768-2d51318ec849,2_exclude_needs_review,43191,0.45279755102896624,-1.5879332717222132,-0.8855847196204119,0.7211454413460272,2.3090787130682404,1.3406702909232404,1.3307978743542783,1.916347904632275,0.4795718689168589,1.054221509977257
KP2,6b6ff484-ea7d-4b87-9768-2d51318ec849,3_high_medium_low,43191,0.45279755102896624,-1.5879332717222132,-0.8855847196204119,0.7211454413460272,2.3090787130682404,1.3406702909232404,1.3307978743542783,1.916347904632275,0.4795718689168589,1.054221509977257
KP2,6b6ff484-ea7d-4b87-9768-2d51318ec849,4_high_medium_only,42693,0.44757671380796127,-1.6558175252461158,-0.9534689731443144,0.8052139629991988,2.4610314882453146,1.4555929259773155,1.3937909315147943,1.872812126727002,0.5123139651691222,1.0990764092910976
KP2,6b6ff484-ea7d-4b87-9768-2d51318ec849,5_high_only,42693,0.44757671380796127,-1.6558175252461158,-0.9534689731443144,0.8052139629991988,2.4610314882453146,1.4555929259773155,1.3937909315147943,1.872812126727002,0.5123139651691222,1.0990764092910976
KP2,6b6ff484-ea7d-4b87-9768-2d51318ec849,6_exclude_ambiguous,91820,0.9626049671338862,-0.33522346623530286,0.3671250858664985,0.3510621053665739,0.6862855716018768,0.8469374777435208,0.43394211029971164,0.8591335150841894,0.2170088454202923,0.522610443825331
KP2,6b6ff484-ea7d-4b87-9768-2d51318ec849,7_exclude_collision_flagged,46758,0.49019258389508,-2.241159180144253,-1.5388106280424516,0.06321124662665589,2.304370426770909,1.0795785966759448,1.275970296642961,1.6491651928568425,0.3705105047616377,0.8515969338810825
KP2,6b6ff484-ea7d-4b87-9768-2d51318ec849,8_exclude_split_merge_flagged,95387,1.0,-0.7023485521018014,0.0,0.03449361672392115,0.7368421688257225,0.738418334805413,0.427274972235391,0.7621670482147547,0.16873218237691345,0.4402175163706503
KP2,5b757eb0-ecd2-4b0a-a06b-2289156a8aca,1_all_alignments,91844,1.0,-0.43579293765469895,0.0,-0.048675658127121046,0.3871172795275779,-1.2030810134018939,-0.18810902258445594,-0.2900742531920981,-0.2808891107817435,-0.6337055796557642
KP2,5b757eb0-ecd2-4b0a-a06b-2289156a8aca,2_exclude_needs_review,38384,0.4179260485170507,0.8575436405050194,1.2933365781597184,-0.05706458472817921,-0.9146082252331986,-2.8266193710522636,-1.152152864096922,-0.4872429264352576,-0.20830637047996703,-1.167825531733535
KP2,5b757eb0-ecd2-4b0a-a06b-2289156a8aca,3_high_medium_low,38384,0.4179260485170507,0.8575436405050194,1.2933365781597184,-0.05706458472817921,-0.9146082252331986,-2.8266193710522636,-1.152152864096922,-0.4872429264352576,-0.20830637047996703,-1.167825531733535
KP2,5b757eb0-ecd2-4b0a-a06b-2289156a8aca,4_high_medium_only,37789,0.41144767213971517,0.7019086081712018,1.1377015458259008,-0.23935094744075514,-0.941259555611957,-2.404093010174117,-1.1516444469843439,-0.526593934972885,-0.25520664157489037,-1.2251437132382859
KP2,5b757eb0-ecd2-4b0a-a06b-2289156a8aca,5_high_only,37144,0.404424894386133,0.8140033252057872,1.2497962628604862,-0.23170088665775523,-1.0457042118635425,-2.3726609190666537,-1.1596410178764458,-0.6324281384246371,-0.2557895212351986,-1.184837242536771
KP2,5b757eb0-ecd2-4b0a-a06b-2289156a8aca,6_exclude_ambiguous,88263,0.9610099734332128,-0.3442028102762338,0.09159012737846517,-0.12337131863904727,0.22083149163718652,-1.4833045962860574,-0.5765788412443222,0.016059846497468833,-0.2483793847689788,-0.6820553278870212
KP2,5b757eb0-ecd2-4b0a-a06b-2289156a8aca,7_exclude_collision_flagged,41965,0.4569160750838378,0.5538706031516272,0.9896635408063261,0.1007450476767131,-0.45312555547491407,-2.095769582559999,-0.2477396820658937,-1.1114779730096407,-0.28321057089276813,-1.0179565837683713
KP2,5b757eb0-ecd2-4b0a-a06b-2289156a8aca,8_exclude_split_merge_flagged,91844,1.0,-0.43579293765469895,0.0,-0.048675658127121046,0.3871172795275779,-1.2030810134018939,-0.18810902258445594,-0.2900742531920981,-0.2808891107817435,-0.6337055796557642
KP2,4304dbf2-4d9f-4c85-91dc-6913ab4f6739,1_all_alignments,91468,1.0,0.8223806152245094,0.0,0.235420924587884,-0.5869596906366255,0.9398184667452227,0.09146234921245266,-0.09133321779355441,0.30068490022835004,0.07713450088886331
KP2,4304dbf2-4d9f-4c85-91dc-6913ab4f6739,2_exclude_needs_review,34948,0.3820789784405475,0.12263934997011194,-0.6997412652543975,-0.25706829561220434,-0.3797076455823163,1.544870039881899,0.5210909437076001,0.16792793033943187,0.5517688231523254,0.024333672981284415
KP2,4304dbf2-4d9f-4c85-91dc-6913ab4f6739,3_high_medium_low,34948,0.3820789784405475,0.12263934997011194,-0.6997412652543975,-0.25706829561220434,-0.3797076455823163,1.544870039881899,0.5210909437076001,0.16792793033943187,0.5517688231523254,0.024333672981284415
KP2,4304dbf2-4d9f-4c85-91dc-6913ab4f6739,4_high_medium_only,34297,0.3749617352516727,0.04851975393577668,-0.7738608612887328,-0.24699788494899444,-0.2955176388847711,1.6469251683573098,0.5772620601694021,0.2213664790142431,0.5887386056610584,0.04960334700773261
KP2,4304dbf2-4d9f-4c85-91dc-6913ab4f6739,5_high_only,34297,0.3749617352516727,0.04851975393577668,-0.7738608612887328,-0.24699788494899444,-0.2955176388847711,1.6469251683573098,0.5772620601694021,0.2213664790142431,0.5887386056610584,0.04960334700773261
KP2,4304dbf2-4d9f-4c85-91dc-6913ab4f6739,6_exclude_ambiguous,88122,0.9634189005991166,0.5138126316982854,-0.30856798352622405,-0.09729813459481473,-0.6111107662931001,0.8269202166431304,0.13017418356986887,-0.09600730092225973,0.21624557067230832,0.004783920320013291
KP2,4304dbf2-4d9f-4c85-91dc-6913ab4f6739,7_exclude_collision_flagged,38294,0.4186600778414309,0.7779801034498375,-0.04440051177467197,0.5001203222344026,-0.27785978121543486,1.785467365936202,0.362729246597282,0.14880668173104628,0.707903997590281,0.18053791951124598
KP2,4304dbf2-4d9f-4c85-91dc-6913ab4f6739,8_exclude_split_merge_flagged,91468,1.0,0.8223806152245094,0.0,0.235420924587884,-0.5869596906366255,0.9398184667452227,0.09146234921245266,-0.09133321779355441,0.30068490022835004,0.07713450088886331
KP2,3be59506-3d38-4040-a4fa-da7bd764ab81,1_all_alignments,92385,1.0,0.17592133062439697,0.0,-0.06210188304025355,-0.2380232136646505,-0.2797968786402709,1.4061108311071298,0.105822021446766,0.7119313343984257,-0.3485575769331406
KP2,3be59506-3d38-4040-a4fa-da7bd764ab81,2_exclude_needs_review,34043,0.36849055582616225,1.2011954258622328,1.0252740952378359,-0.4225365046181633,-1.623731930480396,-0.3731019131907658,0.5476060902335496,-0.29958415826831253,1.1432710861524065,-0.6327946501418049
KP2,3be59506-3d38-4040-a4fa-da7bd764ab81,3_high_medium_low,34043,0.36849055582616225,1.2011954258622328,1.0252740952378359,-0.4225365046181633,-1.623731930480396,-0.3731019131907658,0.5476060902335496,-0.29958415826831253,1.1432710861524065,-0.6327946501418049
KP2,3be59506-3d38-4040-a4fa-da7bd764ab81,4_high_medium_only,33760,0.36542728797965035,1.1912293998494379,1.015308069225041,-0.38821197328288637,-1.5794413731323242,-0.4292469457344197,0.5858666925204608,-0.2724863063391014,1.17273724488201,-0.5595902208905521
KP2,3be59506-3d38-4040-a4fa-da7bd764ab81,5_high_only,33760,0.36542728797965035,1.1912293998494379,1.015308069225041,-0.38821197328288637,-1.5794413731323242,-0.4292469457344197,0.5858666925204608,-0.2724863063391014,1.17273724488201,-0.5595902208905521
KP2,3be59506-3d38-4040-a4fa-da7bd764ab81,6_exclude_ambiguous,89811,0.9721383341451534,0.17592991613922848,8.58551483151615e-06,-0.046908459365223365,-0.22283837550445185,-0.33207067481676855,0.9830738257965645,0.09652324278664359,0.7319150465480542,-0.38987041410970114
KP2,3be59506-3d38-4040-a4fa-da7bd764ab81,7_exclude_collision_flagged,36617,0.3963522216810088,1.1658131421633469,0.9898918115389499,-0.42385181652969894,-1.5896649586930458,-0.2647760480056611,1.5547817650669025,-0.25750521367153834,1.0514761201634397,-0.5525413814492772
KP2,3be59506-3d38-4040-a4fa-da7bd764ab81,8_exclude_split_merge_flagged,92385,1.0,0.17592133062439697,0.0,-0.06210188304025355,-0.2380232136646505,-0.2797968786402709,1.4061108311071298,0.105822021446766,0.7119313343984257,-0.3485575769331406
SBP,0594cd10-bac7-4150-8f96-6d1218bd03eb,1_all_alignments,36430,1.0,0.10979961570134567,0.0,0.603897886357398,0.4940982706560524,-0.6587976942080704,0.5489980785067252,0.05489980785067328,0.10979961570134522,-0.05489980785067283
SBP,0594cd10-bac7-4150-8f96-6d1218bd03eb,2_exclude_needs_review,4705,0.1291517979687071,-2.501125715711499,-2.6109253314128447,-2.587509393088288,-0.08638367737678765,-1.6098280255564745,1.4370606708028988,-0.4113681646869347,-0.5306685696536142,0.3249844873101469
SBP,0594cd10-bac7-4150-8f96-6d1218bd03eb,3_high_medium_low,4705,0.1291517979687071,-2.501125715711499,-2.6109253314128447,-2.587509393088288,-0.08638367737678765,-1.6098280255564745,1.4370606708028988,-0.4113681646869347,-0.5306685696536142,0.3249844873101469
SBP,0594cd10-bac7-4150-8f96-6d1218bd03eb,4_high_medium_only,4705,0.1291517979687071,-2.501125715711499,-2.6109253314128447,-2.587509393088288,-0.08638367737678765,-1.6098280255564745,1.4370606708028988,-0.4113681646869347,-0.5306685696536142,0.3249844873101469
SBP,0594cd10-bac7-4150-8f96-6d1218bd03eb,5_high_only,4705,0.1291517979687071,-2.501125715711499,-2.6109253314128447,-2.587509393088288,-0.08638367737678765,-1.6098280255564745,1.4370606708028988,-0.4113681646869347,-0.5306685696536142,0.3249844873101469
SBP,0594cd10-bac7-4150-8f96-6d1218bd03eb,6_exclude_ambiguous,35337,0.9699972550096074,-0.04976900994313027,-0.15956862564447594,0.5244814016286359,0.5742504115717662,-0.7484675839824799,0.5385244023736964,-0.18415495089324185,-0.015953002672048022,-0.03851409925927474
SBP,0594cd10-bac7-4150-8f96-6d1218bd03eb,7_exclude_collision_flagged,6338,0.17397749107878122,1.8855453540354752,1.7757457383341295,-0.5700299636270412,-2.4555753176625164,-1.8687208575686194,1.017681744620167,0.2872181896841799,-0.24555753176625167,-0.19768783348555496
SBP,0594cd10-bac7-4150-8f96-6d1218bd03eb,8_exclude_split_merge_flagged,36430,1.0,0.10979961570134567,0.0,0.603897886357398,0.4940982706560524,-0.6587976942080704,0.5489980785067252,0.05489980785067328,0.10979961570134522,-0.05489980785067283
SBP,d1b5fcd2-1fa7-4511-8a01-e5743baa9bc3,1_all_alignments,35429,1.0,0.9843247876969823,0.0,-0.180763692876047,-1.1650884805730293,0.5776280061862593,-0.24325392379425725,-0.6741826525600887,-0.056207401740458796,0.3306554129395858
SBP,d1b5fcd2-1fa7-4511-8a01-e5743baa9bc3,2_exclude_needs_review,3637,0.10265601625786785,5.677741334006143,4.693416546309161,2.072884808280463,-3.6048565257256793,-0.9815203411629323,0.33937834993815497,-1.2199774773388798,-0.6329113924050633,-0.29353304246690837
SBP,d1b5fcd2-1fa7-4511-8a01-e5743baa9bc3,3_high_medium_low,3637,0.10265601625786785,5.677741334006143,4.693416546309161,2.072884808280463,-3.6048565257256793,-0.9815203411629323,0.33937834993815497,-1.2199774773388798,-0.6329113924050633,-0.29353304246690837
SBP,d1b5fcd2-1fa7-4511-8a01-e5743baa9bc3,4_high_medium_only,3162,0.0892489203759632,7.094369839828686,6.110045052131704,2.7274216280814425,-4.3669482117472445,-1.3265039946778074,0.44041550311101574,-0.5306015978711232,-0.7057163020465773,-0.2653007989355616
SBP,d1b5fcd2-1fa7-4511-8a01-e5743baa9bc3,5_high_only,2820,0.07959581134099185,3.5916364656916766,2.6073116779946943,0.32429782415952957,-3.267338641532147,-1.2149749468511901,0.5130909236702395,-0.5399888652671954,-0.7830853563038371,-0.2699944326335977
SBP,d1b5fcd2-1fa7-4511-8a01-e5743baa9bc3,6_exclude_ambiguous,35032,0.9887944903892292,0.23422764544674468,-0.7500971422502376,-0.24510836493097443,-0.4793360103777191,0.413555483042817,-0.3241657857979381,-0.5844379497100851,-0.12751955130302495,0.28402823822559986
SBP,d1b5fcd2-1fa7-4511-8a01-e5743baa9bc3,7_exclude_collision_flagged,4034,0.11386152586863868,12.639766650461839,11.655441862764857,2.970229589722745,-9.669537060739094,-0.21639225423925978,0.4664728480589492,-2.6077725638719853,-0.5058168942842691,-0.03934404622531995
SBP,d1b5fcd2-1fa7-4511-8a01-e5743baa9bc3,8_exclude_split_merge_flagged,35429,1.0,0.9843247876969823,0.0,-0.180763692876047,-1.1650884805730293,0.5776280061862593,-0.24325392379425725,-0.6741826525600887,-0.056207401740458796,0.3306554129395858
SDL,60caa2a3-661d-4ee2-92ef-539768f8068c,1_all_alignments,35355,1.0,0.9263268999940202,0.0,1.8029624565771964,0.8766355565831763,-0.4571296383019341,-0.10642933405189936,0.3519963497215306,0.03739331193687079,-0.25380410466625136
SDL,60caa2a3-661d-4ee2-92ef-539768f8068c,2_exclude_needs_review,10231,0.2893791542921793,-0.30584384731526004,-1.2321707473092802,1.3869091618059404,1.6927530091212004,-1.0879735705474944,-1.4806311689767107,0.42796646271959604,1.0008911650313292,-0.7531918061942493
SDL,60caa2a3-661d-4ee2-92ef-539768f8068c,3_high_medium_low,10231,0.2893791542921793,-0.30584384731526004,-1.2321707473092802,1.3869091618059404,1.6927530091212004,-1.0879735705474944,-1.4806311689767107,0.42796646271959604,1.0008911650313292,-0.7531918061942493
SDL,60caa2a3-661d-4ee2-92ef-539768f8068c,4_high_medium_only,10231,0.2893791542921793,-0.30584384731526004,-1.2321707473092802,1.3869091618059404,1.6927530091212004,-1.0879735705474944,-1.4806311689767107,0.42796646271959604,1.0008911650313292,-0.7531918061942493
SDL,60caa2a3-661d-4ee2-92ef-539768f8068c,5_high_only,10072,0.28488191203507285,-0.38457037859309384,-1.310897278587114,1.3837892200115736,1.7683595986046674,-1.1336287188050482,-1.3428337397255508,0.5602519948007099,1.100105314092164,-0.8705016176624065
SDL,60caa2a3-661d-4ee2-92ef-539768f8068c,6_exclude_ambiguous,33853,0.9575166171687173,0.23130154600437702,-0.6950253539896432,1.4648806902380356,1.2335791442336586,-0.5810702716970244,-0.04626729347040115,0.5771381279542762,0.19188931307306634,-0.216617119327418
SDL,60caa2a3-661d-4ee2-92ef-539768f8068c,7_exclude_collision_flagged,12228,0.34586338565973695,2.2650521379593,1.3387252379652796,2.6758316010193113,0.41077946306001145,-0.7101094150091143,-1.686830886602798,-0.36746771114245025,0.6247700149986,-0.6806285313691185
SDL,60caa2a3-661d-4ee2-92ef-539768f8068c,8_exclude_split_merge_flagged,35355,1.0,0.9263268999940202,0.0,1.8029624565771964,0.8766355565831763,-0.4571296383019341,-0.10642933405189936,0.3519963497215306,0.03739331193687079,-0.25380410466625136
SUR,2c91bda6-fee7-4796-852e-7ccebc4e8add,1_all_alignments,123114,1.0,5.915236534726697,0.0,4.880441635019363,-1.0347948997073342,0.5393520863273267,-0.1833340675058599,-1.188274719601294,0.4380132401213075,-0.06854889480601467
SUR,2c91bda6-fee7-4796-852e-7ccebc4e8add,2_exclude_needs_review,30403,0.24694998131812793,11.363889854532577,5.44865331980588,7.895474726836152,-3.4684151276964243,1.3187393485255665,0.30416094377587566,-1.8943359385038154,-0.13907690873672873,0.013369071134248678
SUR,2c91bda6-fee7-4796-852e-7ccebc4e8add,3_high_medium_low,30403,0.24694998131812793,11.363889854532577,5.44865331980588,7.895474726836152,-3.4684151276964243,1.3187393485255665,0.30416094377587566,-1.8943359385038154,-0.13907690873672873,0.013369071134248678
SUR,2c91bda6-fee7-4796-852e-7ccebc4e8add,4_high_medium_only,27462,0.22306155270724695,12.434701349420594,6.519464814693897,8.885008262407045,-3.5496930870135515,1.4730979949524174,0.20917984869903172,-1.835743353487727,0.18482112470665157,0.12179361996190208
SUR,2c91bda6-fee7-4796-852e-7ccebc4e8add,5_high_only,26288,0.2135256753902887,13.998265192924343,8.083028658197646,9.776317898694685,-4.221947294229658,1.4941503988917662,-0.14000634289290304,-1.931345376223744,0.23421418511920855,0.1411788038495303
SUR,2c91bda6-fee7-4796-852e-7ccebc4e8add,6_exclude_ambiguous,118704,0.9641795409132998,5.790478042150935,-0.12475849257576144,4.869522004775803,-0.9209560373751327,0.3699935225912059,-0.15670751297629204,-1.2387464799436048,0.38034626102996594,-0.10406873745931722
SUR,2c91bda6-fee7-4796-852e-7ccebc4e8add,7_exclude_collision_flagged,35767,0.29051935604399176,11.14616559990467,5.230929065177973,7.563597627145519,-3.5825679727591506,1.4593591076877148,0.15658075664823423,-1.5691308227253202,-0.029915822375499168,-0.07243721181381613
SUR,2c91bda6-fee7-4796-852e-7ccebc4e8add,8_exclude_split_merge_flagged,123114,1.0,5.915236534726697,0.0,4.880441635019363,-1.0347948997073342,0.5393520863273267,-0.1833340675058599,-1.188274719601294,0.4380132401213075,-0.06854889480601467
SUR,bbd302a8-7777-42b1-afaa-d7bae792b638,1_all_alignments,121257,1.0,2.517501629644098,0.0,1.631041533124014,-0.886460096520084,-2.618553429244951,-0.7367925418479331,0.26353357066570915,0.330610973874812,-0.13837051406871392
SUR,bbd302a8-7777-42b1-afaa-d7bae792b638,2_exclude_needs_review,20667,0.17043964472154186,2.230733802021936,-0.28676782762216213,0.7580580782440656,-1.4726757237778703,-8.928304250332834,-1.3412749853355685,0.4779386241878063,0.1461374453038209,-0.7212163110902674
SUR,bbd302a8-7777-42b1-afaa-d7bae792b638,3_high_medium_low,20667,0.17043964472154186,2.230733802021936,-0.28676782762216213,0.7580580782440656,-1.4726757237778703,-8.928304250332834,-1.3412749853355685,0.4779386241878063,0.1461374453038209,-0.7212163110902674
SUR,bbd302a8-7777-42b1-afaa-d7bae792b638,4_high_medium_only,19799,0.16328129510048905,2.4365868146023892,-0.08091481504170872,0.9609925083637911,-1.475594306238599,-8.674104983760317,-1.4415296932911894,0.4558764107600055,0.3287557479045913,-0.5551846320440585
SUR,bbd302a8-7777-42b1-afaa-d7bae792b638,5_high_only,18459,0.15223038669932457,3.3497303256092277,0.8322286959651297,0.8899226660791335,-2.4598076595300933,-9.298947758357215,-1.3535365523220642,0.7277495686913236,0.4238853008328012,-0.5647764879431685
SUR,bbd302a8-7777-42b1-afaa-d7bae792b638,6_exclude_ambiguous,115140,0.949553427843341,2.717269574104879,0.19976794446078117,1.6357148811400677,-1.0815546929648114,-2.4218322442219105,-0.5861449079963608,0.5209794391710423,0.18197765237593,-0.17429407095714944
SUR,bbd302a8-7777-42b1-afaa-d7bae792b638,7_exclude_collision_flagged,27576,0.22741779856008312,0.5993386771278928,-1.9181629525162052,0.2116336768354934,-0.3877050002923994,-8.367372842923988,-1.8542886004048476,-0.6346675563870114,0.8204651994116521,-0.4190648195206055
SUR,bbd302a8-7777-42b1-afaa-d7bae792b638,8_exclude_split_merge_flagged,121257,1.0,2.517501629644098,0.0,1.631041533124014,-0.886460096520084,-2.618553429244951,-0.7367925418479331,0.26353357066570915,0.330610973874812,-0.13837051406871392
