ticker,report_pair_id,language_signal_run_id,configuration_hash,feature_run_id,alignment_run_id,primary_dictionary_id,dictionaries_in_bundle,structured_content_rule_version_folded_in_hash,total_corpus_passage_count,status,language_signal_quality
ACT,3508eec4-4453-48f1-97fb-8533ed6f554e,bea8b18f-8482-49d1-9c62-198f677059b0,f118a2afc5a94265c4984ef0ce358260025f4173baae7d4192be1697c08d4066,84712af6-c181-4f97-b5a0-ccf9c2770287,faa0779e-e307-4d47-ae8e-d369ba91861d,b9c49dc8-0ae4-481e-9167-e626b25c2f44,custom_domain_taxonomy:1.0.0|loughran_mcdonald:1993-2025,True,70044,COMPLETED_WITH_WARNINGS,NEEDS_REVIEW
ACT,efc86601-4fe3-4420-ac32-87638b0fa2ca,9531cd74-c7c3-4442-89d5-bd171b13fd98,f118a2afc5a94265c4984ef0ce358260025f4173baae7d4192be1697c08d4066,6df8dabf-f898-4d98-bc4f-414a8a324f94,508b4a88-f940-4692-a66c-8d0ebd9d7ae5,b9c49dc8-0ae4-481e-9167-e626b25c2f44,custom_domain_taxonomy:1.0.0|loughran_mcdonald:1993-2025,True,70044,COMPLETED_WITH_WARNINGS,NEEDS_REVIEW
ACT,7022dc8d-a738-42dd-87d0-1c3671a93aba,aa99b0c2-b577-4497-bb86-2fcf624b1f78,f118a2afc5a94265c4984ef0ce358260025f4173baae7d4192be1697c08d4066,183242bf-c73f-41d4-9618-260dd06bdac2,5941c4ab-f289-45fe-a3d8-6e3ffcb5057a,b9c49dc8-0ae4-481e-9167-e626b25c2f44,custom_domain_taxonomy:1.0.0|loughran_mcdonald:1993-2025,True,70044,COMPLETED_WITH_WARNINGS,NEEDS_REVIEW
ACT,d4b52e4b-2e0c-44f7-93b6-83b1fe0e6d43,e2793f62-500c-4ffa-b249-c4cfba91e6b5,f118a2afc5a94265c4984ef0ce358260025f4173baae7d4192be1697c08d4066,e40da0ae-527b-42dc-b455-74eea565d1ce,417437eb-a5ef-4bcc-8658-950fc626602a,b9c49dc8-0ae4-481e-9167-e626b25c2f44,custom_domain_taxonomy:1.0.0|loughran_mcdonald:1993-2025,True,70044,COMPLETED_WITH_WARNINGS,NEEDS_REVIEW
ACT,01cdd41c-b18e-42ae-9105-7d4105383940,9b228dd0-8c7e-466f-b80d-ec2f37f85454,f118a2afc5a94265c4984ef0ce358260025f4173baae7d4192be1697c08d4066,388ee27f-73e9-4737-a129-bc08e2a739aa,3c2635d8-63bc-4a44-ab03-d1c0b6193ad7,b9c49dc8-0ae4-481e-9167-e626b25c2f44,custom_domain_taxonomy:1.0.0|loughran_mcdonald:1993-2025,True,70044,COMPLETED_WITH_WARNINGS,NEEDS_REVIEW
ACT,8b48a478-e2cb-404b-9684-c7a06d955979,07aaf45d-f282-4fbc-a7ac-1a308dc9b6a6,f118a2afc5a94265c4984ef0ce358260025f4173baae7d4192be1697c08d4066,f2abc4d3-9616-4646-9425-3ecee6d2aed6,5c0e80b9-9fc8-4e61-a5d6-8fd777060242,b9c49dc8-0ae4-481e-9167-e626b25c2f44,custom_domain_taxonomy:1.0.0|loughran_mcdonald:1993-2025,True,70044,COMPLETED_WITH_WARNINGS,NEEDS_REVIEW
ACT,f186f164-e96f-49e3-9aca-46422253fdf6,6b40b799-bc4f-4e95-bbc9-133b59cead22,f118a2afc5a94265c4984ef0ce358260025f4173baae7d4192be1697c08d4066,c95db972-f52e-4fac-b8c2-bb744700aae2,70703fc6-fa42-4553-86b2-fc6514542c78,b9c49dc8-0ae4-481e-9167-e626b25c2f44,custom_domain_taxonomy:1.0.0|loughran_mcdonald:1993-2025,True,70044,COMPLETED_WITH_WARNINGS,NEEDS_REVIEW
ACT,1bd7426f-c90f-40bf-a674-ceba14e90b2d,82b2d125-4d20-4eb1-ad93-a97954505c59,f118a2afc5a94265c4984ef0ce358260025f4173baae7d4192be1697c08d4066,139409ea-789b-4d3c-81ec-e98f4d86e129,6fce1e80-9902-46ab-b5f4-9ac68dea55b6,b9c49dc8-0ae4-481e-9167-e626b25c2f44,custom_domain_taxonomy:1.0.0|loughran_mcdonald:1993-2025,True,70044,COMPLETED_WITH_WARNINGS,NEEDS_REVIEW
ACT,6f19666e-09f0-4284-b84c-d6d79da10f5f,5f02101c-9040-4a11-9b38-337caec817f8,f118a2afc5a94265c4984ef0ce358260025f4173baae7d4192be1697c08d4066,f787c276-87c6-406b-ab1d-efc40665b3d1,edc427ce-19dd-4070-943b-c2843cc527be,b9c49dc8-0ae4-481e-9167-e626b25c2f44,custom_domain_taxonomy:1.0.0|loughran_mcdonald:1993-2025,True,70044,COMPLETED_WITH_WARNINGS,NEEDS_REVIEW
BEL,15448205-d33c-49ad-9637-b06e00e113fa,6843c18b-2b1e-46cf-b124-8be7dea62486,f118a2afc5a94265c4984ef0ce358260025f4173baae7d4192be1697c08d4066,3cfed558-c95c-44af-87c7-0e58f51530b0,5f92ff74-9412-4d66-837a-80a2b2e84ab0,b9c49dc8-0ae4-481e-9167-e626b25c2f44,custom_domain_taxonomy:1.0.0|loughran_mcdonald:1993-2025,True,70044,COMPLETED_WITH_WARNINGS,NEEDS_REVIEW
BEL,9586003a-ee0f-45b8-83ed-1eeb58a36532,0a727076-4a2d-4be3-8cb9-2a8752514063,f118a2afc5a94265c4984ef0ce358260025f4173baae7d4192be1697c08d4066,e3653e07-e717-482f-9fa4-1c8a04488b2e,fe7dbdfe-ef62-47b1-8751-6d9a3b28d86e,b9c49dc8-0ae4-481e-9167-e626b25c2f44,custom_domain_taxonomy:1.0.0|loughran_mcdonald:1993-2025,True,70044,COMPLETED_WITH_WARNINGS,NEEDS_REVIEW
BEL,f2bf4ba7-cd10-4079-b827-e8a9ee1af1f3,884e0b74-cb77-4d23-b05d-2f973a86525c,f118a2afc5a94265c4984ef0ce358260025f4173baae7d4192be1697c08d4066,bbcbe07e-3a4e-416f-86a4-6e758090ade2,24eeadf0-1892-4d3b-9cec-163a47eb7236,b9c49dc8-0ae4-481e-9167-e626b25c2f44,custom_domain_taxonomy:1.0.0|loughran_mcdonald:1993-2025,True,70044,COMPLETED_WITH_WARNINGS,NEEDS_REVIEW
BEL,99605b80-c80b-483a-9156-3405eb9a5c71,7121e5c3-2ef5-4e63-90b5-2b576b825ba7,f118a2afc5a94265c4984ef0ce358260025f4173baae7d4192be1697c08d4066,a8514f64-2c60-4690-8766-d74815b72f30,d8d554b7-0491-4c2f-87ef-56b910a89938,b9c49dc8-0ae4-481e-9167-e626b25c2f44,custom_domain_taxonomy:1.0.0|loughran_mcdonald:1993-2025,True,70044,COMPLETED_WITH_WARNINGS,NEEDS_REVIEW
BEL,797dd800-261d-4097-8bc9-86a0d1d27555,811c9115-d829-4f66-8fee-428c9d6f2390,f118a2afc5a94265c4984ef0ce358260025f4173baae7d4192be1697c08d4066,b8a361b0-d864-4dd2-b76d-51b7fa7eab68,59e9517b-5229-4340-9ecb-666943fbc5b0,b9c49dc8-0ae4-481e-9167-e626b25c2f44,custom_domain_taxonomy:1.0.0|loughran_mcdonald:1993-2025,True,70044,COMPLETED_WITH_WARNINGS,NEEDS_REVIEW
BEL,f61ef31c-7a51-4fcc-8d4b-e9c04f9db807,5d1093a2-7651-462b-b4cb-4aa72b5b505b,f118a2afc5a94265c4984ef0ce358260025f4173baae7d4192be1697c08d4066,cd3fd907-7fe7-44ca-a2f4-a99c28e2b555,845c91bd-8d4a-4cd3-98f3-d6bd104d2f57,b9c49dc8-0ae4-481e-9167-e626b25c2f44,custom_domain_taxonomy:1.0.0|loughran_mcdonald:1993-2025,True,70044,COMPLETED_WITH_WARNINGS,NEEDS_REVIEW
KP2,393f45ef-e61e-47f4-8ea5-f299cb518d79,12babef2-6752-4825-a5a7-0853fa054b40,f118a2afc5a94265c4984ef0ce358260025f4173baae7d4192be1697c08d4066,ab5cd78c-e995-4dc4-87ae-491782471592,909ac173-02a1-4be1-8e1b-1cbf913bf080,b9c49dc8-0ae4-481e-9167-e626b25c2f44,custom_domain_taxonomy:1.0.0|loughran_mcdonald:1993-2025,True,70044,COMPLETED_WITH_WARNINGS,NEEDS_REVIEW
KP2,6b6ff484-ea7d-4b87-9768-2d51318ec849,4f276601-f9d8-439e-a72d-17a3c4b62d05,f118a2afc5a94265c4984ef0ce358260025f4173baae7d4192be1697c08d4066,1deb6629-d489-4738-8d3a-00f054486cdc,e68a685d-4421-405d-84b3-ab32126f796a,b9c49dc8-0ae4-481e-9167-e626b25c2f44,custom_domain_taxonomy:1.0.0|loughran_mcdonald:1993-2025,True,70044,COMPLETED_WITH_WARNINGS,NEEDS_REVIEW
KP2,5b757eb0-ecd2-4b0a-a06b-2289156a8aca,6c8c7f4e-299d-4593-b17b-557707716e28,f118a2afc5a94265c4984ef0ce358260025f4173baae7d4192be1697c08d4066,d40a7341-6dbb-459b-801f-53b47201ee29,2b017095-0a71-44ae-9f0b-b9d2aad4f856,b9c49dc8-0ae4-481e-9167-e626b25c2f44,custom_domain_taxonomy:1.0.0|loughran_mcdonald:1993-2025,True,70044,COMPLETED_WITH_WARNINGS,NEEDS_REVIEW
KP2,4304dbf2-4d9f-4c85-91dc-6913ab4f6739,70d2dfa6-f221-4330-8ba7-ee9f1e820a04,f118a2afc5a94265c4984ef0ce358260025f4173baae7d4192be1697c08d4066,3e4a502b-ca51-46e4-b202-126f1bee8ec1,8d34700b-d0fc-4232-bca0-d41d8f43e087,b9c49dc8-0ae4-481e-9167-e626b25c2f44,custom_domain_taxonomy:1.0.0|loughran_mcdonald:1993-2025,True,70044,COMPLETED_WITH_WARNINGS,NEEDS_REVIEW
KP2,3be59506-3d38-4040-a4fa-da7bd764ab81,1bab308e-5a9d-4042-ad85-1b9da5a82895,f118a2afc5a94265c4984ef0ce358260025f4173baae7d4192be1697c08d4066,7aa7ecc4-3c28-486b-a462-9e49593fce48,f53d299c-879a-4d80-8c05-42adabc0e27b,b9c49dc8-0ae4-481e-9167-e626b25c2f44,custom_domain_taxonomy:1.0.0|loughran_mcdonald:1993-2025,True,70044,COMPLETED_WITH_WARNINGS,NEEDS_REVIEW
SBP,0594cd10-bac7-4150-8f96-6d1218bd03eb,4221acfa-5c87-499b-b54f-699534b86b8a,f118a2afc5a94265c4984ef0ce358260025f4173baae7d4192be1697c08d4066,ead4e778-8296-4444-b04f-df267854771e,3246e31b-5a70-4cbe-8de1-a02565650bd5,b9c49dc8-0ae4-481e-9167-e626b25c2f44,custom_domain_taxonomy:1.0.0|loughran_mcdonald:1993-2025,True,70044,COMPLETED_WITH_WARNINGS,NEEDS_REVIEW
SBP,d1b5fcd2-1fa7-4511-8a01-e5743baa9bc3,c6241d58-5b84-47ec-8211-e78497c2342d,f118a2afc5a94265c4984ef0ce358260025f4173baae7d4192be1697c08d4066,bbb19357-84ea-4a1d-baa0-619d63779a73,751bef63-9124-4ce8-8fab-e8266decb6e0,b9c49dc8-0ae4-481e-9167-e626b25c2f44,custom_domain_taxonomy:1.0.0|loughran_mcdonald:1993-2025,True,70044,COMPLETED_WITH_WARNINGS,NEEDS_REVIEW
SDL,60caa2a3-661d-4ee2-92ef-539768f8068c,371bf243-fb20-4295-9c49-6449355caaaa,f118a2afc5a94265c4984ef0ce358260025f4173baae7d4192be1697c08d4066,66bff739-f37c-4956-b40f-8b1e2946e9f8,b5a3b891-31a8-4cbb-acb1-efea6292b6b0,b9c49dc8-0ae4-481e-9167-e626b25c2f44,custom_domain_taxonomy:1.0.0|loughran_mcdonald:1993-2025,True,70044,COMPLETED_WITH_WARNINGS,NEEDS_REVIEW
SUR,2c91bda6-fee7-4796-852e-7ccebc4e8add,ee9cd571-c9d6-43d7-9293-67f037795906,f118a2afc5a94265c4984ef0ce358260025f4173baae7d4192be1697c08d4066,a10ca6c2-4eb1-40d9-a5cf-2f9c0c86c3ea,d63d38d2-f1b5-4c49-ae7f-0f17afc31b04,b9c49dc8-0ae4-481e-9167-e626b25c2f44,custom_domain_taxonomy:1.0.0|loughran_mcdonald:1993-2025,True,70044,COMPLETED_WITH_WARNINGS,NEEDS_REVIEW
SUR,bbd302a8-7777-42b1-afaa-d7bae792b638,51e4ba56-eea4-4dc7-b953-17cc14206ecd,f118a2afc5a94265c4984ef0ce358260025f4173baae7d4192be1697c08d4066,bf587226-0300-46ee-a777-b3fd8be4823a,5554bec3-80fe-447b-8726-d02284ed45a3,b9c49dc8-0ae4-481e-9167-e626b25c2f44,custom_domain_taxonomy:1.0.0|loughran_mcdonald:1993-2025,True,70044,COMPLETED_WITH_WARNINGS,NEEDS_REVIEW
