ticker,report_id,passage_id,passage_type,first_page_number,last_page_number,word_count,token_count,share_of_report_words,participates_in_alignment_gap,cumulative_corpus_word_share
ACT,71c5bb69-2abf-4b9a-8167-cc0fc0645540,6e3490a7-2f46-4e99-9311-58a783797857,PARAGRAPH,111,111,462,539,0.00867133392143246,True,0.00033442927689441155
ACT,71c5bb69-2abf-4b9a-8167-cc0fc0645540,3cd9452b-62e9-4c88-ad3b-d3397d056498,HEADING_WITH_BODY,117,117,311,1114,0.0058371966440811576,True,0.0005595537468384851
ACT,923373ad-e6a8-4ca5-96c9-020a5c297d8f,3d29b2bd-bcd6-439b-ab1b-4935c318a7de,PARAGRAPH,125,125,593,693,0.011808750024891968,,0.0009888103728090177
ACT,daf738d9-6e52-4e0d-ac1f-20405909e34b,130be19f-76bc-4b28-8ff3-b52d64ac7def,LIST,105,105,490,577,0.013797375682829308,,0.001343508090727333
BEL,5e143d2c-c26b-4d8f-bdd2-8c77fa9621fb,21ce1c84-cd9b-4a07-8ed4-dacad4272b45,MULTI_PARAGRAPH,97,97,359,524,0.008607255028890646,,0.0016033784595695273
BEL,224ac57d-bedf-4268-a773-9184fb8605d9,602c0fe6-bbff-4926-8016-58c28e36b25f,PARAGRAPH,110,110,448,551,0.008459374232897146,,0.001927673515951987
BEL,224ac57d-bedf-4268-a773-9184fb8605d9,dbb01daa-98cc-4a62-9af7-9879199f1d90,MULTI_PARAGRAPH,117,118,380,557,0.007175362072546687,,0.002202745215562109
KP2,9b42f11c-afea-49d9-8540-953b610f767e,a78f90d9-6f16-482a-bfb2-258fb242b02a,HEADING_WITH_BODY,5,5,389,515,0.006718944313942241,True,0.002484331771215629
KP2,9b42f11c-afea-49d9-8540-953b610f767e,495ddaea-9d4b-49ce-a4d0-e8e0ba1bf71b,PARAGRAPH,7,7,484,663,0.008359817603979549,True,0.002834686251771679
KP2,9b42f11c-afea-49d9-8540-953b610f767e,58aac836-d4df-4772-b731-e398b31c8693,PARAGRAPH,16,16,646,779,0.011157938372253696,True,0.0033023081411088866
KP2,9b42f11c-afea-49d9-8540-953b610f767e,0a7f5319-abd9-406f-85c0-466488fc4ac9,PARAGRAPH,17,17,591,724,0.010207959099074203,True,0.0037301170212919975
KP2,9b42f11c-afea-49d9-8540-953b610f767e,1d6758d2-68a7-42a2-b3e5-b2b14aed7208,PARAGRAPH,18,18,500,625,0.008636175210722675,True,0.004092053468147421
KP2,9b42f11c-afea-49d9-8540-953b610f767e,bd8baa65-de14-4cab-8430-218a27181cdc,PARAGRAPH,19,19,648,759,0.011192483073096587,True,0.00456112310327205
KP2,9b42f11c-afea-49d9-8540-953b610f767e,67f3948a-8c56-4f9b-9c27-78b8f7be0612,PARAGRAPH,20,20,540,689,0.00932706922758049,True,0.0049520144658759075
KP2,9b42f11c-afea-49d9-8540-953b610f767e,4ad08afd-5862-43ef-89f2-5038d0fd3619,PARAGRAPH,23,23,520,718,0.008981622219151582,True,0.0053284283706055485
KP2,9b42f11c-afea-49d9-8540-953b610f767e,d4856e4f-67d9-4393-90af-9082ccba1954,MULTI_PARAGRAPH,26,27,388,534,0.006701671963520796,True,0.005609291053365358
KP2,9b42f11c-afea-49d9-8540-953b610f767e,78d054a9-3c98-465b-9eae-bcf7023e2014,PARAGRAPH,31,31,479,562,0.008273455851872323,True,0.005956026169452853
KP2,9b42f11c-afea-49d9-8540-953b610f767e,9e735ded-4b23-4214-81f6-1080b95b5e57,PARAGRAPH,54,54,505,579,0.008722536962829902,True,0.006321581980776831
KP2,9b42f11c-afea-49d9-8540-953b610f767e,f6f19755-7e55-425f-9cba-370a760aa529,PARAGRAPH,55,55,653,774,0.011278844825203813,True,0.006794270980370015
KP2,9b42f11c-afea-49d9-8540-953b610f767e,5151cb80-b6ce-4bc6-9ce0-c6bda6abf1b9,PARAGRAPH,56,56,626,762,0.010812491363824788,True,0.007247415411833005
KP2,9b42f11c-afea-49d9-8540-953b610f767e,9c876ee8-8815-4a92-ad96-6136b8859342,PARAGRAPH,57,57,541,639,0.009344341578001935,True,0.007639030647330574
KP2,9b42f11c-afea-49d9-8540-953b610f767e,62dbd8ec-0968-4737-b7b7-81509077feaf,PARAGRAPH,59,59,455,558,0.007858919441757635,True,0.00796839281396901
KP2,9b42f11c-afea-49d9-8540-953b610f767e,c3f1abb9-f868-4f2d-a685-8ba928b73281,HEADING_WITH_BODY,62,62,256,529,0.00442172170789001,True,0.008153704274758986
KP2,9b42f11c-afea-49d9-8540-953b610f767e,57154041-a94e-4c58-a9f9-302998bef6d1,HEADING_WITH_BODY,63,63,269,564,0.004646262263368799,True,0.008348426083167205
KP2,9b42f11c-afea-49d9-8540-953b610f767e,8f7b96c3-df90-434f-8c50-80e879db86d9,HEADING_WITH_BODY,64,64,333,579,0.005751692690341302,True,0.008589475756772916
KP2,9b42f11c-afea-49d9-8540-953b610f767e,c409054a-1635-48bd-acf7-149f17a74eb4,PARAGRAPH,75,75,660,785,0.011399751278153932,True,0.009067231866622076
KP2,9b42f11c-afea-49d9-8540-953b610f767e,11620c90-0057-4ee0-8771-180db9cebef9,PARAGRAPH,76,76,525,620,0.00906798397125881,True,0.009447265135820272
KP2,9b42f11c-afea-49d9-8540-953b610f767e,fa3b5fdb-6046-4fa5-932d-e9413c7c00b1,PARAGRAPH,77,77,661,759,0.011417023628575376,True,0.009925745118563142
KP2,9b42f11c-afea-49d9-8540-953b610f767e,69f1e951-4a39-43c9-b358-0ea61ac754c9,PARAGRAPH,79,79,509,641,0.008791626364515684,True,0.010294196421461963
KP2,9b42f11c-afea-49d9-8540-953b610f767e,cca9aa4e-cb0b-4bb6-860f-215e2a54c327,PARAGRAPH,80,80,691,793,0.011935194141218738,True,0.010794392591016158
KP2,9b42f11c-afea-49d9-8540-953b610f767e,8d6d2466-fe4c-41c3-b004-966bea759b85,HEADING_WITH_BODY,84,84,271,801,0.00468080696421169,True,0.010990562145211798
KP2,9b42f11c-afea-49d9-8540-953b610f767e,fd50f324-a4fa-4d61-9eb0-5edebfac3a9d,HEADING_WITH_BODY,85,85,271,749,0.00468080696421169,True,0.011186731699407438
KP2,9b42f11c-afea-49d9-8540-953b610f767e,0ec15509-62cc-434e-998b-0b1838cb0e65,HEADING_WITH_BODY,86,86,239,587,0.004128091750725439,True,0.01135973732100433
KP2,9b42f11c-afea-49d9-8540-953b610f767e,2b3296d6-ad0d-45ba-9089-7dbf051ddbb5,PARAGRAPH,88,88,482,543,0.008325272903136659,True,0.011708644055772958
KP2,9b42f11c-afea-49d9-8540-953b610f767e,74f646fd-03d9-4339-bf9f-2e3a01e66742,PARAGRAPH,89,89,618,722,0.010674312560453227,True,0.012155997504086262
KP2,9b42f11c-afea-49d9-8540-953b610f767e,b9d00702-27c2-4250-bd57-8b5fe1ca1255,LIST,93,93,530,603,0.009154345723366035,True,0.012539650137753012
KP2,9b42f11c-afea-49d9-8540-953b610f767e,a564ba32-1ab8-4910-ad52-e3edceed1c9e,PARAGRAPH,94,94,645,789,0.011140666021832252,True,0.013006548154196508
KP2,9b42f11c-afea-49d9-8540-953b610f767e,874c2a2b-0179-4c29-8cd7-028b2a9668a3,HEADING_WITH_BODY,101,102,302,587,0.005216249827276496,True,0.013225157768097184
KP2,9b42f11c-afea-49d9-8540-953b610f767e,71ae4b35-0d17-4030-a3c2-28f2ec03478b,PARAGRAPH,102,102,430,554,0.007427110681221501,True,0.013536423112392849
KP2,9b42f11c-afea-49d9-8540-953b610f767e,da1e4616-56fc-48cd-ad11-78a84775e8dc,TABLE_CONTEXT,114,114,420,527,0.007254387177007047,True,0.013840449727751405
KP2,9b42f11c-afea-49d9-8540-953b610f767e,cb6848e1-51c3-429f-aa61-c123566023c8,HEADING_WITH_BODY,115,115,264,515,0.0045599005112615726,True,0.014031552171691069
KP2,9b42f11c-afea-49d9-8540-953b610f767e,c8dfed2e-2a07-4231-a3f7-5af46b76297e,PARAGRAPH,124,124,452,619,0.007807102390493298,True,0.014358742719648371
KP2,9b42f11c-afea-49d9-8540-953b610f767e,39349d4d-c5a4-453a-a413-619a2dd46bbf,MULTI_PARAGRAPH,133,133,335,513,0.005786237391184192,True,0.014601240139041505
KP2,9b42f11c-afea-49d9-8540-953b610f767e,5f6b194e-e444-4881-a90a-dc32f2ca8b6a,HEADING_WITH_BODY,140,141,344,652,0.0059416885449772,True,0.014850252414478037
KP2,9b42f11c-afea-49d9-8540-953b610f767e,f046bd82-1c4d-4ecf-b9ed-8f2af8e5ada9,PARAGRAPH,141,141,505,783,0.008722536962829902,True,0.015215808225802015
KP2,9b42f11c-afea-49d9-8540-953b610f767e,ce874c13-7419-46d6-8305-663d8ed3fb6f,HEADING_WITH_BODY,142,142,364,540,0.0062871355534061075,True,0.015479297959112763
KP2,9b42f11c-afea-49d9-8540-953b610f767e,ac320f0b-c5dc-494f-9fa3-be52489c75f6,HEADING_WITH_BODY,148,148,313,617,0.005406245681912394,True,0.015705870174844257
BEL,1276e697-8e26-4a65-9eb4-f11619aaef07,981c30f8-c5c3-4e0b-b295-a80eb3883b53,PARAGRAPH,39,39,468,568,0.008719305436524202,,0.016044642689100934
BEL,1276e697-8e26-4a65-9eb4-f11619aaef07,327fa1ad-60fc-4dfd-811e-f1d8f387e710,LIST,115,115,553,654,0.010302939970935648,,0.016444944399323033
BEL,1276e697-8e26-4a65-9eb4-f11619aaef07,468a92f8-d1b9-4877-8a82-8f490f34b33e,HEADING_WITH_BODY,118,119,251,629,0.00467637962514439,,0.016626636495644456
BEL,1276e697-8e26-4a65-9eb4-f11619aaef07,3d9da5e6-3110-4c51-bebf-b797dde8c2ba,MULTI_PARAGRAPH,119,119,219,550,0.004080187800424787,,0.016785164659367132
BEL,1276e697-8e26-4a65-9eb4-f11619aaef07,046b886c-c5a6-4273-bbdb-e7965c64c5d1,MULTI_PARAGRAPH,119,119,288,567,0.005365726422476432,,0.016993640052755856
KP2,a2262f14-20d8-46ef-b930-b5ecd78bd669,cd38e341-fac8-42ed-8d6c-bcaf7ebd21d6,HEADING_WITH_BODY,5,5,389,515,0.007640484748492526,True,0.017275226608409376
KP2,a2262f14-20d8-46ef-b930-b5ecd78bd669,0a79e710-f8ad-4ea8-904c-5248832db8fd,PARAGRAPH,7,7,556,756,0.010920590026122994,True,0.017677699937312608
KP2,a2262f14-20d8-46ef-b930-b5ecd78bd669,cc5b4ea7-82c1-4686-b04c-f3307aed96c5,PARAGRAPH,16,16,544,652,0.01068489383850883,True,0.018071486791491308
KP2,a2262f14-20d8-46ef-b930-b5ecd78bd669,1fa8c9cf-4720-4ea7-a9fb-7daad01cc8a1,PARAGRAPH,17,17,522,648,0.010252784161216192,True,0.01844934844200837
KP2,a2262f14-20d8-46ef-b930-b5ecd78bd669,5e9e5994-6cf2-4474-8269-cbff89c1774e,PARAGRAPH,18,18,585,712,0.011490189146190561,True,0.018872814084829218
KP2,a2262f14-20d8-46ef-b930-b5ecd78bd669,9ca9464a-8f81-4c34-8023-63e6ce0f4537,PARAGRAPH,20,20,574,675,0.011274134307544242,True,0.019288317125819243
KP2,a2262f14-20d8-46ef-b930-b5ecd78bd669,e13ee649-8202-4dd5-870b-e6cd900d90bb,PARAGRAPH,21,21,454,617,0.008917172431402588,True,0.01961695541956397
KP2,a2262f14-20d8-46ef-b930-b5ecd78bd669,fd67dbc5-ef64-478a-91b0-fbce5d8fa106,PARAGRAPH,24,24,490,657,0.009624260994245085,True,0.019971653137482285
KP2,a2262f14-20d8-46ef-b930-b5ecd78bd669,6462e8fc-9d72-4c89-82be-0975218bb286,PARAGRAPH,25,25,507,596,0.009958163926698486,True,0.02033865669459368
KP2,a2262f14-20d8-46ef-b930-b5ecd78bd669,ba528302-a394-4645-a5db-59ef9326c241,PARAGRAPH,32,32,451,563,0.008858248384499048,True,0.020665123369657274
KP2,a2262f14-20d8-46ef-b930-b5ecd78bd669,73f72519-d8af-4e95-9af9-5e2d15b6f48b,PARAGRAPH,53,53,460,529,0.009035020525209672,True,0.020998104900764265
KP2,a2262f14-20d8-46ef-b930-b5ecd78bd669,df71ef71-d6d7-4dce-aecc-67ac44c608a1,PARAGRAPH,54,54,530,623,0.01040991495295897,True,0.021381757534431015
KP2,a2262f14-20d8-46ef-b930-b5ecd78bd669,c4c4fe3e-7720-42af-94ae-999a35f6f375,PARAGRAPH,55,55,527,636,0.010350990906055428,True,0.02176323854941663
KP2,a2262f14-20d8-46ef-b930-b5ecd78bd669,7a721f57-5da0-45df-819f-665cf1bb3ca9,PARAGRAPH,56,56,547,646,0.01074381788541237,True,0.022159197022276464
KP2,a2262f14-20d8-46ef-b930-b5ecd78bd669,a98cea28-9d79-4dcb-9bbe-58a98404956b,PARAGRAPH,58,58,455,557,0.008936813780370435,True,0.0224885591889149
KP2,a2262f14-20d8-46ef-b930-b5ecd78bd669,66961423-2d5d-4ea3-9d47-17650d96a05b,PARAGRAPH,71,71,600,709,0.011784809380708267,True,0.02292288292514141
KP2,a2262f14-20d8-46ef-b930-b5ecd78bd669,d03e09ef-46bf-498f-9aa2-4e47f60ac4cf,LIST,73,73,597,698,0.011725885333804725,True,0.023355035042686784
KP2,a2262f14-20d8-46ef-b930-b5ecd78bd669,640354c4-d412-47da-9fc0-899523dd74b7,PARAGRAPH,76,76,417,514,0.008190442519592245,True,0.02365689003936421
KP2,a2262f14-20d8-46ef-b930-b5ecd78bd669,13f996da-fe73-4cf4-87cb-d79eebf0e8d0,LIST,78,78,493,610,0.009683185041148627,True,0.024013759375963655
KP2,a2262f14-20d8-46ef-b930-b5ecd78bd669,7061fccf-db70-4ba5-a458-dd57c10df884,HEADING_WITH_BODY,81,81,267,718,0.005244240174415179,True,0.024207033438584453
KP2,a2262f14-20d8-46ef-b930-b5ecd78bd669,ee65d8d9-ba0d-4a55-8a94-1e84f1b09f2a,HEADING_WITH_BODY,82,82,223,587,0.004380020819829906,True,0.02436845709388197
KP2,a2262f14-20d8-46ef-b930-b5ecd78bd669,4b83ca76-927c-4fcb-a13b-c093f0ff2018,HEADING_WITH_BODY,83,83,225,534,0.0044193035177656,True,0.024531328494966913
KP2,a2262f14-20d8-46ef-b930-b5ecd78bd669,2cfe36ab-779f-4fc7-9e75-0d398746cfa2,PARAGRAPH,84,84,485,584,0.00952605424940585,True,0.024882406848416673
KP2,a2262f14-20d8-46ef-b930-b5ecd78bd669,7e15286f-d6fe-4d39-9eba-dfde12b85fb2,PARAGRAPH,85,85,438,549,0.008602910847917035,True,0.025199463175862025
KP2,a2262f14-20d8-46ef-b930-b5ecd78bd669,d2f473bd-8011-4759-afcc-326469ba4f5e,PARAGRAPH,87,87,447,522,0.00877968298862766,True,0.02552303435935077
KP2,a2262f14-20d8-46ef-b930-b5ecd78bd669,db11f214-09ee-4013-8102-fb1ca955a905,LIST,90,90,530,603,0.01040991495295897,True,0.02590668699301752
KP2,a2262f14-20d8-46ef-b930-b5ecd78bd669,0fd5ea9d-eac8-4e00-96d5-fa254eafe4f2,HEADING_WITH_BODY,95,95,293,545,0.005754915247579204,True,0.0261187817508748
KP2,a2262f14-20d8-46ef-b930-b5ecd78bd669,9f291385-0d89-4d42-ad09-b5f3823ba71f,MULTI_PARAGRAPH,100,100,373,638,0.007326223165006972,True,0.026388786340228947
KP2,a2262f14-20d8-46ef-b930-b5ecd78bd669,fbab60a9-6c9c-4d16-96d6-3f7183d5e44d,HEADING_WITH_BODY,103,104,393,543,0.007719050144363915,True,0.02667326838745731
KP2,a2262f14-20d8-46ef-b930-b5ecd78bd669,d0d4c30b-d617-4124-82df-310f0139934f,HEADING_WITH_BODY,105,106,340,631,0.006678058649068018,True,0.026919385171318998
KP2,a2262f14-20d8-46ef-b930-b5ecd78bd669,b74b175c-d9db-43ea-ba73-8e023cbd12df,HEADING_WITH_BODY,113,113,382,536,0.007502995305717596,True,0.027195904616716542
KP2,a2262f14-20d8-46ef-b930-b5ecd78bd669,48b70ede-3999-440d-82fb-6ea6ade0f365,PARAGRAPH,119,119,572,741,0.011234851609608548,True,0.027609959911919148
KP2,a2262f14-20d8-46ef-b930-b5ecd78bd669,d7a10ba6-007e-4804-9610-2a276048bd71,HEADING_WITH_BODY,125,125,290,554,0.005695991200675663,True,0.02781988305109529
KP2,a2262f14-20d8-46ef-b930-b5ecd78bd669,39b911bf-b514-4d8b-80f8-789d7eb7cb59,HEADING_WITH_BODY,126,126,297,610,0.0058334806434505925,True,0.028034873300527414
BEL,6e756e03-f4f6-4223-a495-88b691b06da6,dacb2724-7e84-44bc-b4a3-9a6184ba988a,PARAGRAPH,55,55,455,523,0.00861546618192835,,0.02836423546716585
BEL,6e756e03-f4f6-4223-a495-88b691b06da6,db6b5798-eb9c-4837-b003-5c46dcf6dd28,PARAGRAPH,123,123,439,522,0.008312504733772628,,0.02868201566750491
BEL,6e756e03-f4f6-4223-a495-88b691b06da6,9d5cb03b-91d8-4480-9321-cad6a779a6f6,HEADING_WITH_BODY,126,127,240,868,0.0045444217223358325,,0.028855745161995516
KP2,5c665d1e-a960-435d-ad3f-6053ff31aae7,055bb150-69ec-48f1-9a45-a37a7226cbcf,HEADING_WITH_BODY,4,4,387,531,0.007476527182102701,True,0.029135883971861613
KP2,5c665d1e-a960-435d-ad3f-6053ff31aae7,9b0cf125-fa7e-4a0e-8c90-7cc1f6feccf2,PARAGRAPH,7,7,653,872,0.012615432170317993,True,0.029608572971454795
KP2,5c665d1e-a960-435d-ad3f-6053ff31aae7,02023767-7dc2-4d16-a69e-e48b1d9ab3bd,LIST,9,9,539,757,0.010413044318225725,True,0.029998740461164942
KP2,5c665d1e-a960-435d-ad3f-6053ff31aae7,355c92df-0fd8-404b-813a-103fa7d33ba6,PARAGRAPH,16,16,466,632,0.009002743325219272,True,0.0303360652296342
KP2,5c665d1e-a960-435d-ad3f-6053ff31aae7,6f5677d1-7c2a-49e9-9490-426cbe879322,PARAGRAPH,18,18,590,708,0.011398323094161741,True,0.0307631502369236
KP2,5c665d1e-a960-435d-ad3f-6053ff31aae7,4087312b-5116-403a-9ffa-eaf53a36c297,PARAGRAPH,19,19,658,807,0.012712028128743093,True,0.031239458600985336
KP2,5c665d1e-a960-435d-ad3f-6053ff31aae7,36ee66cf-b61d-4566-9e07-a22b7dad488c,PARAGRAPH,20,20,490,561,0.00946640392565975,True,0.03159415631890365
KP2,5c665d1e-a960-435d-ad3f-6053ff31aae7,3e1186cf-d6f6-4ec8-873b-0a59826d96b4,PARAGRAPH,21,21,640,811,0.012364282678412735,True,0.032057434970878596
KP2,5c665d1e-a960-435d-ad3f-6053ff31aae7,1b640074-ce85-4e98-9709-a580cbf75171,PARAGRAPH,22,22,551,651,0.010644874618445965,True,0.03245628893531327
KP2,5c665d1e-a960-435d-ad3f-6053ff31aae7,58ed0237-2341-4e66-b495-62788851ec87,PARAGRAPH,23,23,533,732,0.010297129168115607,True,0.03284211318766115
KP2,5c665d1e-a960-435d-ad3f-6053ff31aae7,cfac7260-0323-40d8-a468-c81886f7e308,PARAGRAPH,25,25,409,515,0.007901549399173138,True,0.03313817720118889
KP2,5c665d1e-a960-435d-ad3f-6053ff31aae7,f294f10b-422d-4865-9260-73d690fc8eb8,PARAGRAPH,26,26,410,613,0.007920868590858159,True,0.03343496508761034
KP2,5c665d1e-a960-435d-ad3f-6053ff31aae7,13d16d59-a83d-4b4e-8049-e89b7647e336,PARAGRAPH,27,27,562,659,0.010857385726981182,True,0.03384178165387583
KP2,5c665d1e-a960-435d-ad3f-6053ff31aae7,9ead69d9-b20d-4cc3-b619-7683c71d6df1,PARAGRAPH,34,34,429,561,0.008287933232873537,True,0.034152323125277786
KP2,5c665d1e-a960-435d-ad3f-6053ff31aae7,becc14c1-eeb6-493b-8f5a-fd128aa8481b,PARAGRAPH,35,35,461,513,0.008906147366794173,True,0.034486028529278484
KP2,5c665d1e-a960-435d-ad3f-6053ff31aae7,b96d0165-984b-4af4-8edf-a644b5986765,PARAGRAPH,53,53,579,675,0.011185811985626522,True,0.03490515093473707
KP2,5c665d1e-a960-435d-ad3f-6053ff31aae7,318ee8fa-ca71-4087-b61a-3578832f6360,PARAGRAPH,54,54,630,753,0.012171090761562536,True,0.0353611908577749
KP2,5c665d1e-a960-435d-ad3f-6053ff31aae7,6e99138a-7e49-40a8-885a-06504b3933b3,PARAGRAPH,55,55,547,646,0.010567597851705884,True,0.03575714933063474
KP2,5c665d1e-a960-435d-ad3f-6053ff31aae7,ec4d145d-63bb-4ef1-af9b-3a7dcaaec429,PARAGRAPH,57,57,465,564,0.008983424133534253,True,0.03609375022621028
KP2,5c665d1e-a960-435d-ad3f-6053ff31aae7,e9d3985c-9a7e-422d-84c8-08c993adf212,HEADING_WITH_BODY,60,61,394,583,0.00761176152389784,True,0.03637895614633235
KP2,5c665d1e-a960-435d-ad3f-6053ff31aae7,b26b0d0f-029e-4d58-81be-f3b46bc4e9bc,HEADING_WITH_BODY,68,69,322,585,0.006220779722576408,True,0.036612043218107244
KP2,5c665d1e-a960-435d-ad3f-6053ff31aae7,e426e067-a271-4aa3-bc2d-1d492dc6cff8,PARAGRAPH,70,70,608,718,0.011746068544492099,True,0.03705215793748344
KP2,5c665d1e-a960-435d-ad3f-6053ff31aae7,f7cde37c-ac71-48b7-909d-cf97b3a3222a,HEADING_WITH_BODY,81,81,281,687,0.005428692863490591,True,0.03725556622061619
KP2,5c665d1e-a960-435d-ad3f-6053ff31aae7,18998895-1d78-420a-99fa-2dabad099fcd,HEADING_WITH_BODY,82,82,249,615,0.004810478729569955,True,0.03743581057115019
KP2,5c665d1e-a960-435d-ad3f-6053ff31aae7,b14516da-62a8-494f-ac31-b1924527597e,HEADING_WITH_BODY,83,83,226,537,0.004366137320814497,True,0.037599405845128844
KP2,5c665d1e-a960-435d-ad3f-6053ff31aae7,b01aa4bb-c99d-4a44-b2f9-76b8b10a3338,PARAGRAPH,85,85,506,645,0.009775510992620069,True,0.03796568552934653
KP2,5c665d1e-a960-435d-ad3f-6053ff31aae7,dd017e1a-4dcf-4085-97ac-561f22558a13,PARAGRAPH,86,86,619,723,0.011958579653027317,True,0.03841376285055355
KP2,5c665d1e-a960-435d-ad3f-6053ff31aae7,d522513e-d3b5-44ed-b454-69e4bd278049,HEADING_WITH_BODY,99,100,269,527,0.005196862563270353,True,0.038608484658961766
KP2,5c665d1e-a960-435d-ad3f-6053ff31aae7,93773a93-167a-46ab-9f09-4bd389b8f8cd,HEADING_WITH_BODY,101,101,263,533,0.005080947413160233,True,0.03879886323000772
KP2,5c665d1e-a960-435d-ad3f-6053ff31aae7,bcf1409c-2cd4-4e5d-aae1-2934ff934f34,HEADING_WITH_BODY,102,103,382,522,0.007379931223677601,True,0.03907538267540526
KP2,5c665d1e-a960-435d-ad3f-6053ff31aae7,6616d95b-b601-437d-a0ad-ef763f7134f6,HEADING_WITH_BODY,104,105,326,576,0.006298056489316487,True,0.039311365238754996
KP2,5c665d1e-a960-435d-ad3f-6053ff31aae7,e3b21a9e-b90f-4e8e-9c54-01c9684e7fcf,TABLE_CONTEXT,106,107,358,615,0.006916270623237124,True,0.03957051173470348
KP2,5c665d1e-a960-435d-ad3f-6053ff31aae7,137a1723-b734-4c5d-9758-bd8a530135d7,HEADING_WITH_BODY,111,111,384,547,0.007418569607047641,True,0.03984847892588844
KP2,5c665d1e-a960-435d-ad3f-6053ff31aae7,03e86cb3-b5bd-4293-89a0-caea742b0366,PARAGRAPH,117,117,538,709,0.010393725126540706,True,0.04023792254270488
KP2,15fb5b0d-cb2a-4633-8851-a31c37abe2f1,80ca3bcb-3c8c-459b-8a05-e592a9bd530a,HEADING_WITH_BODY,3,3,304,522,0.006243325392261563,True,0.04045797990239298
KP2,15fb5b0d-cb2a-4633-8851-a31c37abe2f1,853cf6fc-43f2-4bae-8712-091edef9cc38,HEADING_WITH_BODY,4,4,387,534,0.007947917522385608,True,0.040738118712259075
KP2,15fb5b0d-cb2a-4633-8851-a31c37abe2f1,bcbdc0af-6bfd-4233-9162-cb615db0e6a4,HEADING_WITH_BODY,6,6,356,522,0.0073112626304115665,True,0.04099581746242014
KP2,15fb5b0d-cb2a-4633-8851-a31c37abe2f1,8f7abf4b-2e6b-4403-abd6-fe06de211554,PARAGRAPH,7,7,633,853,0.01300008214901832,True,0.0414540290041391
KP2,15fb5b0d-cb2a-4633-8851-a31c37abe2f1,64adb543-e125-4e9b-b3c4-c955f1c5d841,PARAGRAPH,15,15,495,685,0.010165941017004847,True,0.041812346086525974
KP2,15fb5b0d-cb2a-4633-8851-a31c37abe2f1,3639ceef-f31b-45d3-bff1-2f832b11407e,PARAGRAPH,17,17,591,707,0.012137517456666393,True,0.04224015496670908
KP2,15fb5b0d-cb2a-4633-8851-a31c37abe2f1,8f11ef18-ce9a-4aab-bc8a-b3b5a57e271b,PARAGRAPH,18,18,588,725,0.012075905692926969,True,0.04266579222821106
KP2,15fb5b0d-cb2a-4633-8851-a31c37abe2f1,c38259bf-116d-41c7-9f82-6f932a469fc5,PARAGRAPH,19,19,582,679,0.011952682165448123,True,0.043087086252350776
KP2,15fb5b0d-cb2a-4633-8851-a31c37abe2f1,a2dc61d5-4e73-4068-a0f5-020ab6f0cf74,PARAGRAPH,20,20,579,724,0.0118910704017087,True,0.04350620865780936
KP2,15fb5b0d-cb2a-4633-8851-a31c37abe2f1,f184928a-b3c8-4ad7-b16f-77f15582e5eb,PARAGRAPH,21,21,534,636,0.01096689394561735,True,0.04389275678305095
KP2,15fb5b0d-cb2a-4633-8851-a31c37abe2f1,49f683cd-ace0-44b3-922a-5bf82cc49797,PARAGRAPH,22,22,673,953,0.01382157233221063,True,0.04437992324051835
KP2,15fb5b0d-cb2a-4633-8851-a31c37abe2f1,1cf3ba8c-4ae5-432a-8aa0-992ed70fc3df,PARAGRAPH,31,31,526,683,0.010802595908978887,True,0.04476068038261026
KP2,15fb5b0d-cb2a-4633-8851-a31c37abe2f1,ebb3e196-dcb9-402f-be46-748935f52907,PARAGRAPH,32,32,477,529,0.009796270434568308,True,0.04510596775291033
KP2,15fb5b0d-cb2a-4633-8851-a31c37abe2f1,5b0db87c-09bc-4c76-82a3-96e7bdcb3b75,PARAGRAPH,50,50,641,747,0.013164380185656781,True,0.04556997027777898
KP2,15fb5b0d-cb2a-4633-8851-a31c37abe2f1,154964d3-9b99-4dff-a987-df6773a99bd8,PARAGRAPH,51,51,633,757,0.01300008214901832,True,0.04602818181949795
KP2,15fb5b0d-cb2a-4633-8851-a31c37abe2f1,7b2521c6-a4ff-4ac9-9892-4953340195b7,PARAGRAPH,52,52,525,635,0.01078205865439908,True,0.04640821508869614
KP2,15fb5b0d-cb2a-4633-8851-a31c37abe2f1,c75b3c28-3e7c-4063-af63-093ef248a425,PARAGRAPH,63,63,547,657,0.011233878255154851,True,0.04680417356155598
KP2,15fb5b0d-cb2a-4633-8851-a31c37abe2f1,208687b7-1768-4c21-9448-fd70faf2f7c2,PARAGRAPH,64,64,569,667,0.011685697855910622,True,0.04721605723807745
KP2,15fb5b0d-cb2a-4633-8851-a31c37abe2f1,9613931b-3183-4dda-b53b-2e1aaa9712c6,LIST,66,66,447,520,0.009180152797174074,True,0.0475396284215662
KP2,15fb5b0d-cb2a-4633-8851-a31c37abe2f1,7731c478-9f2a-48fe-920e-33d79384a5a4,PARAGRAPH,81,81,669,842,0.0137394233138914,True,0.048023899387458754
KP2,15fb5b0d-cb2a-4633-8851-a31c37abe2f1,bca2caa6-185d-4bc7-9dac-36926d847595,PARAGRAPH,82,82,418,529,0.008584572414359648,True,0.04832647825702989
KP2,15fb5b0d-cb2a-4633-8851-a31c37abe2f1,e7cef808-ad80-4752-8a87-7b5887347803,LIST,86,86,527,599,0.010823133163558695,True,0.04870795927201551
KP2,15fb5b0d-cb2a-4633-8851-a31c37abe2f1,0fe08886-50c5-4adf-8172-c9494873748a,HEADING_WITH_BODY,96,97,308,531,0.0063254744105807935,True,0.04893091212327845
KP2,15fb5b0d-cb2a-4633-8851-a31c37abe2f1,46c3b8b1-4742-4791-9e61-9a7760161052,HEADING_WITH_BODY,110,111,400,590,0.008214901831923109,True,0.04922046128076279
KP2,8ac44907-16b3-41be-b0aa-a2047f51d366,4fc503c5-033b-48ff-a1eb-1c6b1a0d8d71,HEADING_WITH_BODY,3,3,307,529,0.005950650307224128,True,0.04944269025913202
KP2,8ac44907-16b3-41be-b0aa-a2047f51d366,8108dac2-55f6-4ec9-a268-5b5b07bff2e1,HEADING_WITH_BODY,4,4,385,522,0.007462541916225698,True,0.049721381323210696
KP2,8ac44907-16b3-41be-b0aa-a2047f51d366,20dff3c5-dec1-44d2-8b50-5276021537ee,PARAGRAPH,8,8,649,874,0.01257971351592332,True,0.050191174831229035
KP2,8ac44907-16b3-41be-b0aa-a2047f51d366,0cd35c79-6ba4-466e-8b78-00e84de8b629,LIST,9,9,723,930,0.014014072221899168,True,0.050714534933381974
KP2,8ac44907-16b3-41be-b0aa-a2047f51d366,8aaa4c04-41ce-47df-8975-2f2e6d368361,LIST,10,10,422,575,0.008179721269213623,True,0.051020009294527956
KP2,8ac44907-16b3-41be-b0aa-a2047f51d366,fb30acdf-a5bd-480c-8796-61497062e3c7,PARAGRAPH,14,14,564,681,0.010932139326626737,True,0.05142827360658087
KP2,8ac44907-16b3-41be-b0aa-a2047f51d366,cb814802-309a-490b-ad58-21ed4451f9ec,PARAGRAPH,21,21,593,716,0.011494252873563218,True,0.05185753023255141
KP2,8ac44907-16b3-41be-b0aa-a2047f51d366,6f533488-5ba2-4c14-9dd9-5fe445b0c36b,PARAGRAPH,22,22,563,681,0.010912756100870306,True,0.052265070671710614
KP2,8ac44907-16b3-41be-b0aa-a2047f51d366,7755ab13-38d5-4c5f-adb5-ddc400a825f7,PARAGRAPH,23,23,537,668,0.010408792231203117,True,0.05265379041563334
KP2,8ac44907-16b3-41be-b0aa-a2047f51d366,675d3d0e-f77e-4b49-a9fb-466f0360fced,LIST,24,24,508,598,0.009846678684266636,True,0.053021517845638445
KP2,8ac44907-16b3-41be-b0aa-a2047f51d366,ee39b2da-4717-468c-a14d-078f3aada996,PARAGRAPH,25,25,589,720,0.011416719970537496,True,0.053447878980034134
KP2,8ac44907-16b3-41be-b0aa-a2047f51d366,1940cf11-893e-4f24-b80a-a730be7b0ba7,PARAGRAPH,27,27,532,766,0.010311876102420965,True,0.05383297935948831
KP2,8ac44907-16b3-41be-b0aa-a2047f51d366,a926d2fa-7b8a-4d8d-a3e0-13e50efdffeb,PARAGRAPH,29,29,438,556,0.008489852881316508,True,0.05415003568693366
KP2,8ac44907-16b3-41be-b0aa-a2047f51d366,04a70b3a-d0ed-461e-a57a-4c232014fa72,PARAGRAPH,37,37,679,832,0.013161210288616231,True,0.05464154538176332
KP2,8ac44907-16b3-41be-b0aa-a2047f51d366,17c5a0ed-ce4a-46f8-afb2-623b66587218,LIST,57,57,546,615,0.01058324126301099,True,0.05503677998172945
KP2,8ac44907-16b3-41be-b0aa-a2047f51d366,ac7fd129-7066-4526-8b76-561990e11570,PARAGRAPH,58,58,597,715,0.01157178577658894,True,0.05546893209927482
KP2,8ac44907-16b3-41be-b0aa-a2047f51d366,290418d8-3d2e-4915-bc42-cfd04fe838fb,PARAGRAPH,59,59,431,518,0.008354170301021495,True,0.0557809213164642
KP2,8ac44907-16b3-41be-b0aa-a2047f51d366,a842ef7e-2925-4db7-bbb4-6a0f4e8a2bde,PARAGRAPH,60,60,504,596,0.009769145781240914,True,0.056145753254894466
KP2,8ac44907-16b3-41be-b0aa-a2047f51d366,5519bc81-be55-4067-8a0b-4d3c44665de5,PARAGRAPH,61,61,468,617,0.00907134965400942,True,0.056484525769151146
KP2,8ac44907-16b3-41be-b0aa-a2047f51d366,546b0edc-ffac-4fbd-9b97-37881a2f62a3,PARAGRAPH,70,70,547,657,0.01060262448876742,True,0.056880484242010976
KP2,8ac44907-16b3-41be-b0aa-a2047f51d366,f92401ac-296f-40d1-8ce3-d3a4c6e646ed,PARAGRAPH,73,73,540,624,0.010466941908472407,True,0.05727137560461484
KP2,8ac44907-16b3-41be-b0aa-a2047f51d366,b86b183b-74f1-4162-b2e4-eb64c79f7449,PARAGRAPH,78,78,416,540,0.00806342191467504,True,0.057572506728398545
KP2,8ac44907-16b3-41be-b0aa-a2047f51d366,af08cf4a-4a2a-45c3-bb3a-a0e55930512b,HEADING_WITH_BODY,84,84,219,558,0.004244926440658254,True,0.057731034892121225
KP2,8ac44907-16b3-41be-b0aa-a2047f51d366,c4e26054-c4a2-4fbb-8c88-5931c9958168,HEADING_WITH_BODY,85,85,250,624,0.004845806439107596,True,0.057912003115548935
KP2,8ac44907-16b3-41be-b0aa-a2047f51d366,25d84e9d-60f1-4a68-9658-5664368fac6a,PARAGRAPH,91,91,418,529,0.008102188366187901,True,0.05821458198512007
KP2,8ac44907-16b3-41be-b0aa-a2047f51d366,78abd32c-7733-4b3b-9477-015ffaaca279,LIST,95,95,527,599,0.010214959973638813,True,0.05859606300010568
KP2,8ac44907-16b3-41be-b0aa-a2047f51d366,bfe3705d-6e51-498b-88ad-6d6071c9904d,PARAGRAPH,104,104,424,529,0.008218487720726484,True,0.058902985107039084
KP2,8ac44907-16b3-41be-b0aa-a2047f51d366,484830d7-a901-418c-b5ce-7b18b3f8916e,MULTI_PARAGRAPH,127,127,264,585,0.005117171599697622,True,0.059094087550978745
SBP,a778946b-b598-43d5-80eb-8df78da559c4,bbf754e7-bcee-4040-9e57-68b8fc9d8ed1,HEADING_WITH_BODY,44,44,291,557,0.01501160691256126,,0.059304734563048606
SDL,67ce190f-2d0c-4c58-ab57-aee35a812471,63f017eb-ec91-41e7-bc30-e60796648965,PARAGRAPH,2,2,437,562,0.021706735545400358,,0.05962106701760025
SDL,67ce190f-2d0c-4c58-ab57-aee35a812471,2622a84e-7361-40a4-b3fd-d83b1065d31d,MULTI_PARAGRAPH,10,10,397,566,0.019719848996622293,,0.05990844455640345
SDL,67ce190f-2d0c-4c58-ab57-aee35a812471,9bb61de2-922d-4d7e-b840-a35d24dc4d43,PARAGRAPH,18,18,443,572,0.02200476852771707,,0.06022912024831736
SDL,67ce190f-2d0c-4c58-ab57-aee35a812471,793cb88d-d9fd-4ab4-9e5e-745285fdbfc2,PARAGRAPH,19,19,516,700,0.025630836479237036,,0.060602638661472155
SDL,67ce190f-2d0c-4c58-ab57-aee35a812471,f3ef2cda-c54a-415b-9156-e3ec15f1ce65,HEADING_WITH_BODY,20,20,381,525,0.018925094377111068,,0.060878434233975987
SDL,67ce190f-2d0c-4c58-ab57-aee35a812471,21808f2c-5d62-40f1-b42c-5b00e4e4e6a1,HEADING_WITH_BODY,45,45,346,559,0.01718656864693026,,0.06112889425519994
KP2,6727add6-a49e-45ee-8153-74bc358cea76,ef8f4a96-9236-4f3e-b2d7-c330b9cbae29,PARAGRAPH,9,9,578,769,0.011302970451923265,True,0.06154729278776481
KP2,6727add6-a49e-45ee-8153-74bc358cea76,2b618b99-cf81-419c-a25c-8046682ea7e1,LIST,11,11,576,728,0.011263859827522146,True,0.061964243574542256
KP2,6727add6-a49e-45ee-8153-74bc358cea76,284358e4-189e-4a41-aed8-07dc82566b15,MULTI_PARAGRAPH,12,13,400,596,0.007822124880223713,True,0.0622537927320266
KP2,6727add6-a49e-45ee-8153-74bc358cea76,4cc70794-4965-4039-b3dd-08d0ca34eee7,PARAGRAPH,14,14,421,536,0.008232786436435458,True,0.06255854322027886
KP2,6727add6-a49e-45ee-8153-74bc358cea76,0960f262-c481-4386-b8f1-825d33d03778,PARAGRAPH,16,16,518,657,0.010129651719889709,True,0.06293350937922108
KP2,6727add6-a49e-45ee-8153-74bc358cea76,90e22eac-6095-4082-9def-9b4b94ac59bf,PARAGRAPH,19,19,524,653,0.010246983593093064,True,0.06331281877552557
KP2,6727add6-a49e-45ee-8153-74bc358cea76,cec559b7-9f09-41fb-8819-d69fd5e3b81b,PARAGRAPH,20,20,540,653,0.010559868588302013,True,0.06370371013812942
KP2,6727add6-a49e-45ee-8153-74bc358cea76,3fdbf438-6853-44b9-8492-ec19b91f5ab5,PARAGRAPH,29,29,603,726,0.011791853256937247,True,0.06414020549303706
KP2,6727add6-a49e-45ee-8153-74bc358cea76,e98c4eeb-6d5f-4e18-803d-37812902ef45,PARAGRAPH,31,31,611,781,0.011948295754541722,True,0.0645824918310944
KP2,6727add6-a49e-45ee-8153-74bc358cea76,c27e0b5d-29ec-4de9-8401-5d283c65bd04,PARAGRAPH,33,33,539,665,0.010540313276101453,True,0.06497265932080454
KP2,6727add6-a49e-45ee-8153-74bc358cea76,4f2e07d7-6eda-4ead-9397-11196d269a49,PARAGRAPH,34,34,591,706,0.011557189510530535,True,0.06540046820098765
KP2,6727add6-a49e-45ee-8153-74bc358cea76,22b37cd0-69a9-4586-a1ea-6c3b25458749,PARAGRAPH,35,35,457,548,0.008936777675655592,True,0.0657312781134135
KP2,6727add6-a49e-45ee-8153-74bc358cea76,70662610-152a-4335-91cd-c50931cc1cc7,PARAGRAPH,36,36,516,707,0.010090541095488589,True,0.06610479652656831
KP2,6727add6-a49e-45ee-8153-74bc358cea76,67816343-114e-4b72-868c-f0d01eb620ea,MULTI_PARAGRAPH,37,38,377,547,0.00737235269961085,True,0.0663776966074973
KP2,6727add6-a49e-45ee-8153-74bc358cea76,6d21b97d-909c-455d-9f40-2a0f54e6c0ac,HEADING_WITH_BODY,42,42,354,519,0.0069225805189979854,True,0.06663394761187094
KP2,6727add6-a49e-45ee-8153-74bc358cea76,20e557f8-4e61-448d-b01b-5f26f09d326a,PARAGRAPH,46,46,539,623,0.010540313276101453,True,0.06702411510158109
KP2,6727add6-a49e-45ee-8153-74bc358cea76,e453c670-778d-4368-bacf-adfd486c92cb,PARAGRAPH,63,63,481,554,0.009406105168469014,True,0.06737229796345601
KP2,6727add6-a49e-45ee-8153-74bc358cea76,c98ef1cf-0ac2-43ae-b5bd-dfc5e51cfe77,PARAGRAPH,64,64,485,551,0.009484326417271252,True,0.06772337631690577
KP2,6727add6-a49e-45ee-8153-74bc358cea76,d6722707-0e20-40b9-a9a6-c57fdccd6025,PARAGRAPH,65,65,602,720,0.011772297944736687,True,0.0681591477989197
KP2,6727add6-a49e-45ee-8153-74bc358cea76,6453dde9-1ab7-413a-941e-1dbbad021e07,HEADING_WITH_BODY,68,68,400,539,0.007822124880223713,True,0.06844869695640403
KP2,6727add6-a49e-45ee-8153-74bc358cea76,161c0271-792c-467f-bff1-d951cf72301e,PARAGRAPH,69,69,432,526,0.00844789487064161,True,0.06876141004648711
KP2,6727add6-a49e-45ee-8153-74bc358cea76,ac87bf9c-23fc-4693-a0c5-c4967ccf1f84,PARAGRAPH,77,77,547,657,0.010696755773705928,True,0.06915736851934695
KP2,6727add6-a49e-45ee-8153-74bc358cea76,7d039a36-519e-430f-9a3e-3d1aca4245ba,HEADING_WITH_BODY,94,94,236,590,0.004615053679331991,True,0.06932820252226271
KP2,6727add6-a49e-45ee-8153-74bc358cea76,180a0de1-09e0-4bb4-8f6e-bcd6e275bdc5,PARAGRAPH,98,98,555,656,0.010853198271310401,True,0.06972995197827223
KP2,6727add6-a49e-45ee-8153-74bc358cea76,f49e14a2-86b0-47ca-a217-a7684096151c,PARAGRAPH,100,100,418,529,0.00817412049983378,True,0.07003253084784336
KP2,6727add6-a49e-45ee-8153-74bc358cea76,0d2d7afa-621f-40b2-834d-14f118af8bd0,LIST,104,104,527,600,0.010305649529694741,True,0.07041401186282899
KP2,6727add6-a49e-45ee-8153-74bc358cea76,fa662841-e8ba-4fe7-a5e3-8e410f5cf8e8,HEADING_WITH_BODY,119,120,368,545,0.007196354889805816,True,0.07068039708771458
KP2,6727add6-a49e-45ee-8153-74bc358cea76,9a8f605d-3a1d-4f6b-b69f-4ad844e7aeae,HEADING_WITH_BODY,122,123,400,520,0.007822124880223713,True,0.07096994624519891
KP2,6727add6-a49e-45ee-8153-74bc358cea76,2e7ce425-1a5a-4af4-849b-a110e38dba10,TABLE_CONTEXT,135,136,300,549,0.005866593660167785,True,0.07118710811331216
SBP,95435d37-add8-401b-b381-a4b3bca05b56,d6e354fe-8ed1-4c3c-8106-0c9224c1c463,MULTI_PARAGRAPH,10,10,357,535,0.01844103517743685,,0.07144553073636695
SBP,95435d37-add8-401b-b381-a4b3bca05b56,37277cd0-443d-4382-9457-0c3633ac523e,MULTI_PARAGRAPH,26,27,356,514,0.01838937961671574,,0.071703229486528
SBP,95435d37-add8-401b-b381-a4b3bca05b56,851cf89a-a324-470a-9e9b-752f20e335ed,HEADING_WITH_BODY,44,44,269,520,0.013895345833979028,,0.07189795129493622
SDL,1bcb0b78-58e8-4ac2-a2ee-0c25ef6364a3,0f7d1315-88ca-4dce-938a-12eeefc79098,MULTI_PARAGRAPH,9,9,396,558,0.019772318753744758,,0.07218460496084572
SDL,1bcb0b78-58e8-4ac2-a2ee-0c25ef6364a3,bc009070-13de-476c-902e-92ea4f95dc63,PARAGRAPH,12,12,551,753,0.02751148392250849,,0.0725834589252804
SDL,1bcb0b78-58e8-4ac2-a2ee-0c25ef6364a3,c29a39e0-897a-4318-ae44-8ce98beb9192,LIST,13,13,517,687,0.025813860595166768,,0.0729577012113289
SDL,1bcb0b78-58e8-4ac2-a2ee-0c25ef6364a3,365cd952-8a42-4cf5-b8c5-32647684e5c4,PARAGRAPH,14,14,398,519,0.019872178949470742,,0.07324580262302582
