publication_id,target_passage_id,ticker,source_passage_id,heading
66af4ec3-aa5d-5ac1-97c2-27ef7319a318,49068412-5655-5974-af16-890b1f718587,ACT,6ccf42bb-f7de-4c4c-b9ce-d31b930c4a08,
66af4ec3-aa5d-5ac1-97c2-27ef7319a318,22580b47-1b8f-5f7e-9228-14f413c4422f,ACT,b69be967-e28b-46a0-bedd-1d1b52a55b62,RELATING TO THE TENTH ANNUAL GENERAL MEETING OF THE COMPANY
66af4ec3-aa5d-5ac1-97c2-27ef7319a318,b96a34ef-e5ef-51d9-9095-11dfa622568b,ACT,1a3cb61d-cb7e-4d82-96a1-20455e5dce42,
66af4ec3-aa5d-5ac1-97c2-27ef7319a318,02e4465d-44ef-5668-95d3-8387245266cd,ACT,ab2f3f98-3515-466c-b967-22277a6c3627,
66af4ec3-aa5d-5ac1-97c2-27ef7319a318,7f6be9b8-bd2f-5573-afde-711317ac5cfe,BEL,4f03eb6d-5d14-42fe-b221-57fc8505e45d,
66af4ec3-aa5d-5ac1-97c2-27ef7319a318,bbb6849a-bb95-5c75-86f8-6b6e8ea4e4f9,BEL,e4b411a9-cd18-4ea4-aafa-ea02eae4fa9f,
66af4ec3-aa5d-5ac1-97c2-27ef7319a318,8ecdb50d-8ba5-50a6-aeee-9957c9594b84,BEL,53ac2a88-8d70-44a1-a2de-d521b2b746f8,
66af4ec3-aa5d-5ac1-97c2-27ef7319a318,4366b398-6e0c-56b2-ac5b-fadd9e181e27,BEL,6b1f5f5e-92fe-4533-9301-09cbce07bd5d,
66af4ec3-aa5d-5ac1-97c2-27ef7319a318,7d0b0570-565f-5060-b2b0-029f31656b31,BEL,819294bd-2647-424a-9dc2-9dd28b844b1a,
66af4ec3-aa5d-5ac1-97c2-27ef7319a318,a9cbec69-59a4-5130-90c2-48221f502c17,BEL,c8ec0095-e78d-4f0d-9b25-7d7aa3cb3e2a,
66af4ec3-aa5d-5ac1-97c2-27ef7319a318,58d521d7-fe0c-5bcd-8364-bac15374352d,BEL,703dab8a-4698-4259-96fd-c98541a708f7,Notice of annual general meeting continued
66af4ec3-aa5d-5ac1-97c2-27ef7319a318,6fa92c37-c005-5a56-a8ba-93cc50bcf42b,BEL,3a40bc05-c1fe-4a87-8042-4b96c01a3006,
66af4ec3-aa5d-5ac1-97c2-27ef7319a318,68c9bd5c-1ea9-57ba-bcdc-f28ffd5044fa,BEL,b695a645-945b-4f18-9626-e534a1cb1d3e,
66af4ec3-aa5d-5ac1-97c2-27ef7319a318,16785a99-515d-5559-b7b4-502474f23017,BEL,9185dac4-22e8-4d72-befe-5ecaadf473fe,
66af4ec3-aa5d-5ac1-97c2-27ef7319a318,65eace7e-7fd8-57ea-8f3e-5797d4a32d3d,BEL,604aade9-cfaf-4dc7-8030-0569eca66460,SHAREHOLDER INFORMATION
66af4ec3-aa5d-5ac1-97c2-27ef7319a318,a23b0264-9e1d-5a40-9612-b4118af3373d,KP2,1c8c9a13-10b9-4b13-8711-1ade5c2786f1,CORPORATE DIRECTORY
66af4ec3-aa5d-5ac1-97c2-27ef7319a318,f235e2d7-5e76-57f3-bbbb-73e4ccbad3e5,KP2,11f40eca-b442-4091-9e3e-5e7999cd14bf,CORPORATE DIRECTORY
66af4ec3-aa5d-5ac1-97c2-27ef7319a318,724af74e-96b9-5c5f-b2ab-7d04de4870c5,KP2,ddd67d72-6dd0-406f-b495-11f9f63652c5,Stands For / Meaning Definition and/or Additional Information
66af4ec3-aa5d-5ac1-97c2-27ef7319a318,29e9c05b-8853-58b4-aa10-1a9c3a570eaf,KP2,1c6d8d07-bc3c-4a10-b8ce-42d2b625da0b,Stands For / Meaning Definition and/or Additional Information
66af4ec3-aa5d-5ac1-97c2-27ef7319a318,85f57e03-9e05-53ea-a17e-8972921bb06f,KP2,b5044d64-59b1-4282-851e-a901b0673c96,Stands For / Meaning Definition and/or Additional Information
66af4ec3-aa5d-5ac1-97c2-27ef7319a318,e1978508-dabf-5571-86e1-7383ea6d10c8,KP2,e4a0343d-aa7a-415b-b924-3f790fbfbb94,Stands For / Meaning Definition and/or Additional Information
66af4ec3-aa5d-5ac1-97c2-27ef7319a318,21a83144-b6a8-58ef-8f42-5d797c4d79e4,KP2,3b8c96df-93c8-43f2-9fa8-08f28ce08e40,Stands For / Meaning Definition and/or Additional Information
66af4ec3-aa5d-5ac1-97c2-27ef7319a318,d0d0b1be-4951-5179-837f-4630ff514aa7,KP2,005ef5f8-6d85-4fb4-b568-a5930110b7c1,Stands For / Meaning Definition and/or Additional Information
66af4ec3-aa5d-5ac1-97c2-27ef7319a318,b178d823-0c0b-588b-8365-34c2a30b07eb,KP2,fe7ce61b-680e-409c-8e3a-6affde343e90,
66af4ec3-aa5d-5ac1-97c2-27ef7319a318,e6eb8b0d-c8fb-5047-ad35-0da55e815cbb,KP2,a2c69c00-aa89-401c-8308-6b3a688dac82,
66af4ec3-aa5d-5ac1-97c2-27ef7319a318,d1bdd9ff-b9a5-503c-bb30-ee452b6dea9c,KP2,e36056f2-48c4-4b50-b663-540cf7d64167,
66af4ec3-aa5d-5ac1-97c2-27ef7319a318,aea13570-aed9-5338-a004-c05fc3d88cd5,KP2,6bc8eed6-7cd1-4378-9df8-b4a123521437,
66af4ec3-aa5d-5ac1-97c2-27ef7319a318,1a1ceec7-3ee2-5415-834f-8a5609c6e31b,KP2,4e1b0ded-e499-4a35-aa6a-acb248004b17,
66af4ec3-aa5d-5ac1-97c2-27ef7319a318,debbc357-f9d0-50bd-a865-b0a7d6c955ce,KP2,05aa1ef2-2ec7-430b-b514-04ec764066f1,
66af4ec3-aa5d-5ac1-97c2-27ef7319a318,49c63ec1-8315-5d5a-9f40-901c26eca074,KP2,d9faf2a0-0227-4386-9efb-ff8b72872694,
66af4ec3-aa5d-5ac1-97c2-27ef7319a318,01af17b2-077a-5d17-a16d-a4e6525c1226,KP2,4f21d1d7-d6e9-413f-b1e4-8da9886110c8,
66af4ec3-aa5d-5ac1-97c2-27ef7319a318,3f52b594-4e1c-56fb-b9a2-c06c12545386,KP2,ed122ae1-bf4a-4c52-8122-3b3aad9459bf,
66af4ec3-aa5d-5ac1-97c2-27ef7319a318,d09c052e-ab5c-5107-8e9a-fb061b101668,KP2,e6e19fcf-6946-4a0d-a88a-dadf66a03e86,
66af4ec3-aa5d-5ac1-97c2-27ef7319a318,7505299c-61b7-58c4-8116-74e7d3de3d61,KP2,1931c3dc-e38c-437d-b484-3e5ae049a069,
66af4ec3-aa5d-5ac1-97c2-27ef7319a318,02e40618-5367-5411-a72a-3f8eed2462bd,KP2,c0b0b1b4-9cbf-4a15-954e-08f3ef76519a,
66af4ec3-aa5d-5ac1-97c2-27ef7319a318,55ef7306-88d2-5957-8998-94b79a32d6ed,KP2,07090026-4e77-4356-a15d-15394af81a64,
66af4ec3-aa5d-5ac1-97c2-27ef7319a318,2701bfd1-8749-5cae-b6fb-2a8d2a19e08c,KP2,66218eb6-cbe6-4cb7-98ce-c9fa8f56df36,
66af4ec3-aa5d-5ac1-97c2-27ef7319a318,bf70dbb6-4bfc-5102-861a-96535c3a5120,KP2,79e11c5e-05fc-4ae9-aeaf-f685fc9908f0,
66af4ec3-aa5d-5ac1-97c2-27ef7319a318,5b51627e-fbc5-547f-9dd3-639d5159a837,KP2,31f30a31-a5ec-45bb-9843-98dff784abd6,
66af4ec3-aa5d-5ac1-97c2-27ef7319a318,b18acc7e-5225-5bc9-b85c-d72da09088ae,KP2,bff30cab-775f-405e-8103-37e2cf1e1119,
66af4ec3-aa5d-5ac1-97c2-27ef7319a318,9657c961-6908-5566-a562-a14d24786c54,KP2,cf26d9a8-d35e-4497-9150-443db81cc52b,
66af4ec3-aa5d-5ac1-97c2-27ef7319a318,1f394afd-502b-5e40-ad78-55d6b2b97c3c,KP2,37dc1544-f53f-406a-946c-efc83a4c5c41,
66af4ec3-aa5d-5ac1-97c2-27ef7319a318,e22e56ef-16d4-5f31-90f4-70a992efa47c,KP2,41c42afa-eed4-4300-8913-4ca18b9bf9bd,
66af4ec3-aa5d-5ac1-97c2-27ef7319a318,5051e92b-71d5-5e20-a27f-fda66b7f9518,KP2,279e25c5-82a5-44ab-bd4a-59aa430ad415,
66af4ec3-aa5d-5ac1-97c2-27ef7319a318,486efc9c-986b-57f0-8739-956494a7bf29,KP2,e01626b9-8e31-4f72-a2ca-e34f938e7224,
66af4ec3-aa5d-5ac1-97c2-27ef7319a318,ba41d47e-b764-536f-ba56-3ff60e7467be,KP2,667560bb-db0a-4495-8afa-524b7201cae1,
66af4ec3-aa5d-5ac1-97c2-27ef7319a318,df63d05d-020a-5db7-99a7-b4c307be00e8,KP2,80bd7bc5-0d1e-44c6-841e-604a46616cb6,
66af4ec3-aa5d-5ac1-97c2-27ef7319a318,34b87674-4436-5e11-9b2f-de40c259972a,KP2,a2e278b5-e252-463e-9f78-2dade36428e2,
66af4ec3-aa5d-5ac1-97c2-27ef7319a318,b45334d3-dded-5024-a9fc-1e15121cb4f8,KP2,25770ee2-9eee-40d6-a369-082f3a138d83,
66af4ec3-aa5d-5ac1-97c2-27ef7319a318,c985380d-2f94-5d7c-b905-f41c78121468,KP2,e0144b8a-1539-4f43-a777-cdd533fb3ac9,
66af4ec3-aa5d-5ac1-97c2-27ef7319a318,70d164de-30e5-5330-998b-6b9f413df5b4,KP2,e4bc17f2-8c18-4819-ae53-0c8d89aaf2fb,
66af4ec3-aa5d-5ac1-97c2-27ef7319a318,de090b0d-bf97-5876-98c2-9d9179cabdbc,KP2,76414646-7955-4001-b96b-1840d3a2b8e2,
66af4ec3-aa5d-5ac1-97c2-27ef7319a318,1fedff2d-345d-5249-8cc3-1128f9149da6,KP2,62c96b0e-b387-4dea-b9b4-3e51da4ae3e5,
66af4ec3-aa5d-5ac1-97c2-27ef7319a318,938899d1-1b68-5997-856b-d0fc37db57e4,KP2,c4d39853-6e7f-4c7e-b53d-0168c75bb844,
66af4ec3-aa5d-5ac1-97c2-27ef7319a318,27972703-4b81-56e0-b88c-1da3a7eb0e32,KP2,ad314ed8-93d2-495a-b923-ee90a7d00e4f,
66af4ec3-aa5d-5ac1-97c2-27ef7319a318,1943f238-21c7-5637-a1be-d06684277c81,KP2,83293876-bc92-41b1-b76f-6a80cfc2849c,
66af4ec3-aa5d-5ac1-97c2-27ef7319a318,6cef63f1-5fd3-5de9-b637-adeb0deeef88,KP2,2703417f-7cf7-4ab9-b1c1-aca73b3216c3,
66af4ec3-aa5d-5ac1-97c2-27ef7319a318,617595d2-40b1-59bc-95e3-7e86642ce097,KP2,82c2d163-563a-45f1-ab5e-290a338515fa,
66af4ec3-aa5d-5ac1-97c2-27ef7319a318,7d26afc2-f89e-5ef5-a10b-39cf33684744,KP2,726e07e3-ca1b-4877-a355-1bc5d2b4977a,
66af4ec3-aa5d-5ac1-97c2-27ef7319a318,da04ce31-7005-586f-94c6-f4de19cc0df2,KP2,f857b871-83f4-4565-826d-315988c778db,
66af4ec3-aa5d-5ac1-97c2-27ef7319a318,2fed0757-9aa2-5a6a-902d-cdececfc7eb0,KP2,f3e5b719-e03d-4be9-8d35-abed00d6e1eb,
66af4ec3-aa5d-5ac1-97c2-27ef7319a318,9a1e6bb6-f6dd-5868-8251-9912ce0ca5a5,KP2,e404ec89-9117-4c23-baad-aacc13aea702,
66af4ec3-aa5d-5ac1-97c2-27ef7319a318,69f263e0-f256-5446-9b0f-c908297d35d7,KP2,3ae947cc-ffdd-4d04-88fc-6a6dcfc46ee1,
66af4ec3-aa5d-5ac1-97c2-27ef7319a318,a7570796-026e-52d3-8dd3-11848edb09e7,KP2,8ecfde62-8f3d-4aa7-a0de-f076b9f39499,
66af4ec3-aa5d-5ac1-97c2-27ef7319a318,415f5a40-a7a3-5e0d-993f-24b03a771b4e,KP2,9fc01d30-09f1-4a40-86f8-027c88303f60,
66af4ec3-aa5d-5ac1-97c2-27ef7319a318,940ee39d-2f04-5ba6-aa93-dbf97f0ebaa3,KP2,7526de56-8f87-4456-99dd-0adaa7aefc42,
66af4ec3-aa5d-5ac1-97c2-27ef7319a318,4f106857-0421-5c8d-bc73-e138cae8fe80,KP2,01a572e2-a421-401f-bf8f-484c9bc58cf9,
66af4ec3-aa5d-5ac1-97c2-27ef7319a318,6b4c9ad6-4009-528b-ac8b-cc3d246679fd,KP2,b9290570-61bc-47a2-8801-6382aa620c70,
66af4ec3-aa5d-5ac1-97c2-27ef7319a318,0fc08108-99d6-57fb-a0c8-f769a4ca8bf7,KP2,b3347889-495f-40d1-84bf-173707de9072,
66af4ec3-aa5d-5ac1-97c2-27ef7319a318,ecb777b3-7190-5e19-ba29-aa182265de58,KP2,e290d3a4-4307-4f2b-bf29-e6393ecd52a5,
66af4ec3-aa5d-5ac1-97c2-27ef7319a318,ff8c60cc-77fb-5ac6-8551-da628f4e1fc7,KP2,b92f26cd-f2c6-47b8-9293-2676053d49e3,
66af4ec3-aa5d-5ac1-97c2-27ef7319a318,bf1dd2e2-d2bb-5eb8-bbaa-a370c583f1a1,KP2,c2dfaecd-3034-498f-bbcc-868754c4f7fd,
66af4ec3-aa5d-5ac1-97c2-27ef7319a318,105c2b5e-9e23-525c-8623-429d4bed0c2a,KP2,a46ec4b8-7f69-4b2a-be7c-f19079f2cd77,
66af4ec3-aa5d-5ac1-97c2-27ef7319a318,a29bc1b2-457c-50f5-89e6-12a0efdfe809,KP2,dbb42e76-6699-4ac0-b4d9-be1e57d23c19,
66af4ec3-aa5d-5ac1-97c2-27ef7319a318,6b0e4f39-4f34-5532-a946-d2c5d55db5ef,KP2,be472e72-76f3-414c-bd73-78f766f22540,
66af4ec3-aa5d-5ac1-97c2-27ef7319a318,74b8cac3-fcb5-55a9-8b11-2d89d9454ec9,KP2,53224d90-7665-4713-98b0-9b098793623e,
66af4ec3-aa5d-5ac1-97c2-27ef7319a318,bb68911c-360a-52c6-947e-fe2532cf3309,KP2,6babb474-e3a8-45ea-b899-558338c52839,
66af4ec3-aa5d-5ac1-97c2-27ef7319a318,c7af5142-414a-5379-b48d-ac4d8ce88279,KP2,28655311-f451-4107-b91d-0149c7ecde0b,
66af4ec3-aa5d-5ac1-97c2-27ef7319a318,8081adc8-188e-5ae7-b015-58e9737b62bb,KP2,fab02126-240a-47e2-9cf3-ae90811b3a66,
66af4ec3-aa5d-5ac1-97c2-27ef7319a318,642156fe-5890-527d-93cf-ea85bbec8d9c,KP2,826ad1e6-a8fd-4221-bfe9-c249987414db,
66af4ec3-aa5d-5ac1-97c2-27ef7319a318,c3305225-ca3f-5743-b74e-d96629df6877,KP2,69f10afb-13d6-465c-b942-491908fbe8b1,
66af4ec3-aa5d-5ac1-97c2-27ef7319a318,0594d6db-0ba9-5692-bc35-9f5c77440cdc,KP2,101bbb20-3025-43b3-aa05-836c24abe426,
66af4ec3-aa5d-5ac1-97c2-27ef7319a318,044fced7-d2d8-5997-a131-5a292b356e1d,KP2,c599f1e9-06bc-4b47-9058-83d6f41499ba,
66af4ec3-aa5d-5ac1-97c2-27ef7319a318,4d87866e-dc01-5e04-8397-5f14c603f446,KP2,e57513ad-1400-470c-8e09-ca8787370942,
66af4ec3-aa5d-5ac1-97c2-27ef7319a318,69c292a1-1326-5764-8988-c6a206b1be12,KP2,85d76bf4-53a2-4953-8795-ae892854c1c7,
66af4ec3-aa5d-5ac1-97c2-27ef7319a318,d42c0244-5e53-5dfe-b3a6-aaacea9cc384,KP2,f4d42af6-72ed-4411-b284-2192eec86408,
66af4ec3-aa5d-5ac1-97c2-27ef7319a318,c31c629b-7a8e-582e-82e8-7e555caaa185,KP2,d8491d77-a871-42fc-9454-26e9b193adce,
66af4ec3-aa5d-5ac1-97c2-27ef7319a318,3eb84fc7-f5e9-5f66-a679-936214f1e0b7,KP2,703b77cd-004e-4bc7-af4d-2c34933647c9,
66af4ec3-aa5d-5ac1-97c2-27ef7319a318,31d113f8-ade4-5bd9-87fd-7fcd627f08da,KP2,a61981a9-e401-4a60-ab9b-10ea413ad527,
66af4ec3-aa5d-5ac1-97c2-27ef7319a318,406c602f-638b-56da-ad11-be501d3f943f,KP2,0aba8528-6400-4c50-8b05-9f9c718ce165,
66af4ec3-aa5d-5ac1-97c2-27ef7319a318,a09352e1-2aeb-5116-9ae5-eed7207d72fb,KP2,88b2a864-40d3-48e8-8302-aae0b9434871,DIRECTORS’ REPORT (CONT)
66af4ec3-aa5d-5ac1-97c2-27ef7319a318,a5970990-e094-5cc7-9114-2c3e79434849,KP2,052f4a16-2b8a-417d-88b1-09779944f370,
66af4ec3-aa5d-5ac1-97c2-27ef7319a318,ec7c70f3-7339-5bcb-8669-09eb35c594f1,KP2,19094d7e-4082-44dd-a059-f0be70291019,
66af4ec3-aa5d-5ac1-97c2-27ef7319a318,27c74879-b5ec-5ff0-903e-5c5ea7384bf3,KP2,3d9f1e2a-2efa-4875-9ede-6b0bb2ff9567,
66af4ec3-aa5d-5ac1-97c2-27ef7319a318,c9334e7a-dbc0-512e-b8ed-d372701762c1,KP2,8356ff08-7c29-4173-94bb-5f32a80f71f6,
66af4ec3-aa5d-5ac1-97c2-27ef7319a318,eca2c86c-94fe-5f08-9e39-0c14174d1e73,KP2,3c114c5d-5299-48ae-9690-b3693380aedb,
66af4ec3-aa5d-5ac1-97c2-27ef7319a318,abd53f38-5d8e-585c-b8c2-395f5174e488,KP2,fd8a4a25-b05d-4c6c-ba1b-6126d124203c,
66af4ec3-aa5d-5ac1-97c2-27ef7319a318,7b668854-9aa7-559f-af77-b04e191aa9e1,KP2,5e5cf40d-7da0-4dd8-b8e8-1e4d2d601f27,
66af4ec3-aa5d-5ac1-97c2-27ef7319a318,c339754d-a000-544e-8eaf-2bf65f9bdd35,KP2,d2178432-706f-4102-9b4b-329c394340e3,
66af4ec3-aa5d-5ac1-97c2-27ef7319a318,cdd40bd1-2bf4-51ae-b8ae-d4dca34b2a54,KP2,082969ca-b03d-458e-b3fc-9ff9148ddedc,
66af4ec3-aa5d-5ac1-97c2-27ef7319a318,4b17247f-41a9-5093-b212-2717848ddf25,KP2,d0f70bae-cec4-4139-8da3-a943d413a913,
66af4ec3-aa5d-5ac1-97c2-27ef7319a318,995dd1e4-8981-5fa4-8826-509759632489,KP2,1032220d-0665-40fb-80fc-38573be6fcff,
66af4ec3-aa5d-5ac1-97c2-27ef7319a318,2865ee1a-c660-5fbd-b97d-3fa26a836b67,KP2,4229de42-ba17-4b91-bddf-1020f74864a5,
66af4ec3-aa5d-5ac1-97c2-27ef7319a318,0958c881-c843-5e96-81ab-ea654f45699b,KP2,7ddb470c-9f51-4b38-b7e5-d01561e11c56,
66af4ec3-aa5d-5ac1-97c2-27ef7319a318,93baa85d-2252-5e96-89f7-f818a58c31f8,KP2,d18e813f-ada2-4598-b9c1-0c5dd7fa76fa,
66af4ec3-aa5d-5ac1-97c2-27ef7319a318,37e97b32-d35c-556d-8356-2b6267d9acc5,KP2,51cb89bd-5963-40de-bcd8-db5a06900bff,
66af4ec3-aa5d-5ac1-97c2-27ef7319a318,c313dcaf-66f7-5ea5-8097-034808276643,KP2,3470fdea-b693-4fff-a3f0-8a4333dfd3a4,
66af4ec3-aa5d-5ac1-97c2-27ef7319a318,d58f0901-dc62-556b-8f98-1109b4404bec,KP2,f17f9387-b7f2-41b1-bf79-d4faa009de66,
66af4ec3-aa5d-5ac1-97c2-27ef7319a318,fa0fdede-476f-54f6-b125-1cc657a50e65,KP2,40806fa8-199d-41fb-90b1-efd1052bfacf,
66af4ec3-aa5d-5ac1-97c2-27ef7319a318,2f5e2627-1737-557c-a233-90e2b7db9139,KP2,b159245b-8836-4bf5-8094-b2e335693e3d,
66af4ec3-aa5d-5ac1-97c2-27ef7319a318,1b6f8c1d-d3c2-5cdd-9991-ab8687f0ebe2,KP2,8dd82deb-c3c1-4892-80f3-655fefd57abe,
66af4ec3-aa5d-5ac1-97c2-27ef7319a318,7aefdc8b-0aee-54df-a909-b1b8d5925591,KP2,1e0f029e-bfbe-434f-95e1-785de3873b1a,
66af4ec3-aa5d-5ac1-97c2-27ef7319a318,396a7ae6-3a70-508a-b04e-5323512fcebf,KP2,aeffd08b-903e-4c56-8f23-dc68e3134d87,
66af4ec3-aa5d-5ac1-97c2-27ef7319a318,1b3fa725-a85d-504d-a79b-48684a773976,KP2,92829771-4c48-42ce-9577-8af9393d4fec,CORPORATE GOVERNANCE REPORT (CONT)
66af4ec3-aa5d-5ac1-97c2-27ef7319a318,b8f9134b-1752-55f2-92fd-815d06fe3d00,KP2,726cb0ab-5cbf-4e4c-bd9e-497ab7d881ef,
66af4ec3-aa5d-5ac1-97c2-27ef7319a318,64a465cc-0f91-5f90-9e3f-b327219a74ff,KP2,821c8a03-8b45-4f96-8635-aca56d71b905,
66af4ec3-aa5d-5ac1-97c2-27ef7319a318,2cb527ac-414a-54d0-8edd-9c8f15558df6,KP2,c6b769e1-c314-4f89-a4cd-59c151c263d1,
66af4ec3-aa5d-5ac1-97c2-27ef7319a318,b548703d-db04-5590-aceb-f6a12328c35f,KP2,117c4d46-2f1b-42aa-bf36-4903f26e438b,
66af4ec3-aa5d-5ac1-97c2-27ef7319a318,e0108ece-9f44-54ee-a1e1-3b6158684386,KP2,fcca7ecc-0d8e-4b85-8dc2-fc77ba41816a,Fair Value at
66af4ec3-aa5d-5ac1-97c2-27ef7319a318,91da19bf-c8c6-5388-9dc1-58cceb49fe75,KP2,9d67dffb-00fa-44d7-a031-efb55c576439,
66af4ec3-aa5d-5ac1-97c2-27ef7319a318,ce5b01b2-ce63-58f0-be90-8c4783999af0,KP2,edc63d46-1442-4665-ad31-4aa262c6b187,
66af4ec3-aa5d-5ac1-97c2-27ef7319a318,dd73f101-dd2c-51f2-96f8-f3a3f37cb8e4,KP2,f4e9270b-4f5b-4e9b-acba-56da5214be83,
66af4ec3-aa5d-5ac1-97c2-27ef7319a318,21d2e022-1489-56b4-875a-7681ea143cb2,KP2,cf637f90-7bd3-40a7-a92e-9f30a39f097b,
66af4ec3-aa5d-5ac1-97c2-27ef7319a318,a84ae8d2-dacc-597f-8215-68d878ed254b,KP2,c5704dff-4c73-4f00-a1f4-25368d9ce5b0,
66af4ec3-aa5d-5ac1-97c2-27ef7319a318,57ebc2f1-d609-5411-aa89-0e184f361919,KP2,fdfca145-9027-4528-8a79-359ac145351d,
66af4ec3-aa5d-5ac1-97c2-27ef7319a318,5153c9d3-22dc-57e2-a710-332839e3c081,KP2,66cb230f-a7c9-430c-83db-f0f5f64bbac5,
66af4ec3-aa5d-5ac1-97c2-27ef7319a318,3ec19f99-882d-58b6-bea1-3f6f4d93d291,KP2,3756b9e5-7175-42a6-84e7-316eac886441,
66af4ec3-aa5d-5ac1-97c2-27ef7319a318,24036db9-9fda-5edb-b88a-b99e00f8842b,KP2,7a7834c6-da92-458b-bce8-fe1e8c1280f4,
66af4ec3-aa5d-5ac1-97c2-27ef7319a318,715fffb9-0e2a-5918-bfc3-4115eabf0422,KP2,071f3a47-2ab0-4f43-85cb-fa11c9360681,
66af4ec3-aa5d-5ac1-97c2-27ef7319a318,0d9e44e9-8617-54c8-b148-22d367141c79,KP2,ee364f11-390c-448d-b202-af1b27c228bd,
66af4ec3-aa5d-5ac1-97c2-27ef7319a318,4e777f19-3c2f-5b82-aeb4-39b2d8d52054,KP2,c56e9cc2-d3ca-4ee4-888f-e491b76b705a,
66af4ec3-aa5d-5ac1-97c2-27ef7319a318,b0f20e16-4abd-5a3a-b292-2cc78732c690,KP2,ef7844a5-cbff-417b-9c21-e64cffa695ef,
66af4ec3-aa5d-5ac1-97c2-27ef7319a318,ec92d880-0b4f-5092-a407-984a7c42e949,KP2,b1ae4589-6812-4874-8b51-52d52dafdf51,
66af4ec3-aa5d-5ac1-97c2-27ef7319a318,09d8207e-e8d6-55cd-bf13-b94f70850627,KP2,528fb733-6fb9-44d1-99f7-bc3bbe1ec779,
66af4ec3-aa5d-5ac1-97c2-27ef7319a318,9b78c17c-91db-5828-a1d5-44a378bdd0a4,KP2,a68f76c1-981a-4fff-85b7-605c4caeda89,
66af4ec3-aa5d-5ac1-97c2-27ef7319a318,3108f274-d523-52da-b28c-4662cbcd9ff2,KP2,9da9c642-a5b2-47bc-bcea-5d799c75d840,
66af4ec3-aa5d-5ac1-97c2-27ef7319a318,69045241-443c-5047-9c77-5fbf2520c4b4,KP2,300f39cd-d92b-4cc0-a13f-cbb5ad5fa9e6,
66af4ec3-aa5d-5ac1-97c2-27ef7319a318,e504f21a-7d57-513a-8fd8-61d9c04a1e49,KP2,d0445f99-1a13-43b0-bd45-76a4fd0bcdaf,
66af4ec3-aa5d-5ac1-97c2-27ef7319a318,3d2fc686-8b40-522a-b974-6648154cec16,KP2,785e6fb7-6026-45eb-9d8f-7bcfa285cf28,
66af4ec3-aa5d-5ac1-97c2-27ef7319a318,9b1878ca-e2f3-51c3-84de-65d297aa970a,KP2,36800f37-d514-40e3-9d51-05b0e03fd488,
66af4ec3-aa5d-5ac1-97c2-27ef7319a318,23961ec7-4891-5a83-b9ac-db73674012a6,KP2,898b707c-9edf-400c-bcef-759a5899aba3,
66af4ec3-aa5d-5ac1-97c2-27ef7319a318,8a36721c-f26e-5fa8-9bee-a0f8b03030de,KP2,25467655-a587-47da-ac2e-bcadac38b3bc,
66af4ec3-aa5d-5ac1-97c2-27ef7319a318,e0febd6b-4658-5de2-b6f0-f9be6b78c9c7,KP2,6148f3cf-8b47-4d98-b757-d748cb2eaab3,
66af4ec3-aa5d-5ac1-97c2-27ef7319a318,fd8d1527-70a8-5469-9473-8ca2abdcf3b0,KP2,14e40456-1ecd-4ebd-b17c-1b99202b9b7d,
66af4ec3-aa5d-5ac1-97c2-27ef7319a318,317ec0f0-c2b7-5d87-8777-bd1f8a328b2f,KP2,35c37101-b1f7-4633-816d-c294438b08ba,
66af4ec3-aa5d-5ac1-97c2-27ef7319a318,55c441e5-6c99-54e0-91b3-ce5f4ca97f13,KP2,94ac79dc-cc1a-47c3-b0da-5b83c6c9fb45,
66af4ec3-aa5d-5ac1-97c2-27ef7319a318,d46efaab-1f00-5f6e-92aa-e9ee4fdaac26,KP2,a50a78dd-fb55-4c42-ae5b-6867d4ea4bb9,
66af4ec3-aa5d-5ac1-97c2-27ef7319a318,73e0975e-6b05-54de-acc7-46c714aadb4b,KP2,d7a198f9-247f-4ea6-bc2e-5aa67a4686fb,
66af4ec3-aa5d-5ac1-97c2-27ef7319a318,fc54f88d-2098-5dbb-88ea-0363bd75bb9d,KP2,ef7818f2-9dff-488a-89ac-fb273c9e116b,
66af4ec3-aa5d-5ac1-97c2-27ef7319a318,edd536b5-e4db-5cf3-b6ec-7b582946c142,KP2,da6c6697-c89a-46b7-bdd4-b5422c69ce9f,
66af4ec3-aa5d-5ac1-97c2-27ef7319a318,a73ac89e-e1fa-59a5-b3e0-b230658bb41a,KP2,5ceba838-d15c-4197-a119-105962354864,
66af4ec3-aa5d-5ac1-97c2-27ef7319a318,3ce9e7f6-8503-53e8-890a-6e9ac738d086,KP2,ff908525-d67b-4405-bec0-f04bdf46a444,
66af4ec3-aa5d-5ac1-97c2-27ef7319a318,6d3113c0-a07f-5f12-878a-28a764565c29,KP2,3f24ff7d-df1e-45dd-9aa7-26a03c2a9ec9,
66af4ec3-aa5d-5ac1-97c2-27ef7319a318,27287b7c-9fc6-5dfd-8b83-3c01c7ececcb,KP2,b5ce681b-804e-430b-a586-84c6d1dc68af,
66af4ec3-aa5d-5ac1-97c2-27ef7319a318,fddf4731-8628-5ed9-837c-4bd00185f9db,KP2,d54ebcbb-492d-4ec0-b577-83096c0c81e3,
66af4ec3-aa5d-5ac1-97c2-27ef7319a318,c4e307f1-2ae8-50a4-95e8-dceb65443b3e,KP2,45a613d6-72fb-47d1-8090-bd7f91321175,
66af4ec3-aa5d-5ac1-97c2-27ef7319a318,7f538223-8679-5eb6-bf58-df650b061d2b,KP2,57c18018-a76c-4c40-8996-8fe96fa144f2,
66af4ec3-aa5d-5ac1-97c2-27ef7319a318,c05843a0-5d78-5ef0-88bb-2aed472a89ed,KP2,8451887f-32fb-4e6e-9d37-e5161ce09d60,
66af4ec3-aa5d-5ac1-97c2-27ef7319a318,fa41c335-cba4-5e39-8781-1ca35bf5ae0d,KP2,001c1c72-823c-4b75-9f9f-a41b5b1d9589,
66af4ec3-aa5d-5ac1-97c2-27ef7319a318,dc295980-ea32-5651-b800-091fadac1d74,KP2,75f72dea-9ffd-46e2-9b8e-4f06df2f43e4,
66af4ec3-aa5d-5ac1-97c2-27ef7319a318,dd8a324e-b5c1-52a1-91fb-d9cc41cf6ff5,KP2,4691fcd1-9745-4125-a626-734f7bace760,
66af4ec3-aa5d-5ac1-97c2-27ef7319a318,8db58adc-8394-50d5-b374-389331b32ee0,KP2,43479087-6e48-452f-b6e4-8111519b878c,
66af4ec3-aa5d-5ac1-97c2-27ef7319a318,f89774bc-3a86-5e95-9c17-ec6b5af6758c,KP2,78811c58-44ca-4a6f-a0a4-fe9ae05364fe,
66af4ec3-aa5d-5ac1-97c2-27ef7319a318,4350246d-3d29-5920-9333-8d253ecb31f2,KP2,20c05254-fc68-4181-83cc-ccb01bba9c84,
66af4ec3-aa5d-5ac1-97c2-27ef7319a318,2068ff15-1e6e-543a-8bb2-e52870219cf8,KP2,961d8d18-5ca8-4da5-8beb-69e851fac461,
66af4ec3-aa5d-5ac1-97c2-27ef7319a318,818406a4-849d-5db1-a593-61672ba53876,KP2,7a7f252a-9e9f-405c-a934-55ac50bb7485,
66af4ec3-aa5d-5ac1-97c2-27ef7319a318,c2184381-30d5-50c6-9733-50ef8bd67261,KP2,88a3fde6-e064-4bbf-828a-fc1ca4d70f08,USD
66af4ec3-aa5d-5ac1-97c2-27ef7319a318,cdc4de68-f0f5-5c0b-a655-2c3989ef24a3,KP2,0cf2f3fc-4d14-4443-89b8-4f4fa29bace0,
66af4ec3-aa5d-5ac1-97c2-27ef7319a318,8529dc8b-4dd2-507c-ac91-aa4f4ba550e0,KP2,48a6fcc3-49d8-45cb-a227-0b461d7ad3f1,
66af4ec3-aa5d-5ac1-97c2-27ef7319a318,83357187-9d84-5731-bfd7-45fe4825b1e0,KP2,91333665-798d-45cb-8593-a8dcc686de9d,USD
66af4ec3-aa5d-5ac1-97c2-27ef7319a318,2faffb50-4aa8-5028-8874-40e3d773e2f2,KP2,068e1696-8e21-4c2d-8cfa-65de62af8e6c,USD
66af4ec3-aa5d-5ac1-97c2-27ef7319a318,82352146-49ed-5507-a94c-ace6e3437f99,KP2,f92652d0-b0ae-4b51-8c8d-fb0d535484df,
66af4ec3-aa5d-5ac1-97c2-27ef7319a318,1910af2a-463e-5d0a-a158-4dfd2b694a3d,KP2,867e586c-f269-4bf0-b454-608796a65979,
66af4ec3-aa5d-5ac1-97c2-27ef7319a318,5345250f-474d-50f5-bb97-3e1654cb4702,KP2,bb255e5c-3816-4787-bc74-c3b0cf79e063,Non-Interest
66af4ec3-aa5d-5ac1-97c2-27ef7319a318,a51088de-fea2-5bde-b728-064a5cecad00,KP2,b1092da8-a428-4dda-a0e4-555c3b0dbf87,
66af4ec3-aa5d-5ac1-97c2-27ef7319a318,bc6c336c-a2b0-52f8-8883-b58bd6ece711,KP2,718dd91f-b9ab-46d2-8323-1f5093fed5bb,USD
66af4ec3-aa5d-5ac1-97c2-27ef7319a318,112f1d0e-db24-51a7-bfb3-23087940d41d,KP2,f3a3a13c-bd30-484d-88a9-d13ce5987dc7,USD
66af4ec3-aa5d-5ac1-97c2-27ef7319a318,45d8d747-a644-5718-8624-f677f51e02fb,KP2,76da9264-1292-4a16-948e-fde9eee044fa,
66af4ec3-aa5d-5ac1-97c2-27ef7319a318,7d790989-01f1-5ece-850a-cc13cbfac4b1,KP2,e14ed6f7-574e-43a0-bc0a-6c6a5bb540b3,
66af4ec3-aa5d-5ac1-97c2-27ef7319a318,67c7d1a2-fcdb-589c-a662-ba35dcc68092,KP2,2e4e551a-4976-4398-8306-3908aa32544f,"Input into the model Series 34,35 and"
66af4ec3-aa5d-5ac1-97c2-27ef7319a318,7657838e-f74c-51e7-9558-072317dd3376,KP2,2d4e7380-877f-4f61-89d9-2ee1cbaf23e7,
66af4ec3-aa5d-5ac1-97c2-27ef7319a318,1e8da48d-e204-5fc0-b548-8c52450d5c03,KP2,0ea25741-95d7-4830-836e-f3f9f7b7264b,
66af4ec3-aa5d-5ac1-97c2-27ef7319a318,07ac0e61-1cc3-564c-ad18-ea2ef2935964,KP2,0cf8a316-e3b2-46a6-8b00-161421233005,
66af4ec3-aa5d-5ac1-97c2-27ef7319a318,8cc1c884-4c43-5ee2-91ee-01b1018288b1,KP2,80fc15b3-7835-4fd6-9765-556f21f4b21d,
66af4ec3-aa5d-5ac1-97c2-27ef7319a318,e0aeffe7-dd0b-5cfe-b2d9-5713e8210f6b,KP2,f64a9bf6-1ead-41d5-97c3-8e2c36fc473f,Distribution of fully paid ordinary share and CDI holders
66af4ec3-aa5d-5ac1-97c2-27ef7319a318,e7b638cf-3978-5c21-9ea3-d6c507c9f397,KP2,0baf3293-0f02-4989-b670-0eaebefd0ec4,Twenty largest holders of quoted equity securities (ordinary shares / CDIs)
66af4ec3-aa5d-5ac1-97c2-27ef7319a318,c8ed9ff3-b577-5ed4-9d8c-43a80b4953cd,KP2,09330c4a-cb97-4071-b8d5-3f074025dbdb,
66af4ec3-aa5d-5ac1-97c2-27ef7319a318,18c5bdfb-877e-5e72-87d6-dd93307e2351,KP2,490830a6-5b00-455d-a14d-b08aad53d319,Twenty largest holders of quoted equity securities (ordinary shares / CDIs)
66af4ec3-aa5d-5ac1-97c2-27ef7319a318,4fd30f29-d32c-50c7-b4d4-6fe7ece1c7bf,SBP,df5f518e-1d16-487a-9d0f-fba28b3daa5a,
66af4ec3-aa5d-5ac1-97c2-27ef7319a318,63d2360f-e5e4-544e-93c6-fd0cd2c16160,SBP,bd0d8701-dbac-4c9f-ae7b-5f88b3f39ce2,
66af4ec3-aa5d-5ac1-97c2-27ef7319a318,fdf289c2-ce46-5786-948a-40bac7e2a2d2,SBP,fe30463b-bddf-4612-93c4-8944d8d4b356,
66af4ec3-aa5d-5ac1-97c2-27ef7319a318,0e7063b3-3539-5fff-8c26-9d0987854e7f,SBP,c16e3710-02c1-4e4b-9f54-acca66edee66,
66af4ec3-aa5d-5ac1-97c2-27ef7319a318,23392eb5-b290-5ba6-a4aa-07763a08ee96,SBP,0410293d-f4fd-4ef7-a34d-9d11a1908e1f,ANNEXURE 1 CORPORATE STRUCTURE
66af4ec3-aa5d-5ac1-97c2-27ef7319a318,2c2a3731-2f2a-54f2-bdad-3bb9b774d81c,SBP,ee73b7cd-ab0a-4ba3-8e8a-25899c1fcadd,ANNEXURE 1 CORPORATE STRUCTURE
66af4ec3-aa5d-5ac1-97c2-27ef7319a318,d417a468-3b7f-5859-9c92-a252359d923b,SDL,beeb55f2-0f61-4e74-9efe-9b628a429d2c,
66af4ec3-aa5d-5ac1-97c2-27ef7319a318,dc373f38-7d24-5abb-b1ca-973c95513890,SDL,ace6bb42-bc4d-4d5a-858c-060fc9922482,
66af4ec3-aa5d-5ac1-97c2-27ef7319a318,2388bd3e-c4d6-55de-b8be-60c8e2bfcab0,SDL,ced756e0-87c3-4482-adf8-d3178e6e5faa,
66af4ec3-aa5d-5ac1-97c2-27ef7319a318,79e917f2-feea-53b7-ab7c-e7585cb3a7a7,SDL,6202f20e-bfac-4d51-a57b-d06e9add3914,
66af4ec3-aa5d-5ac1-97c2-27ef7319a318,bec4589c-b98d-5565-be83-3d4f727907ac,SDL,9495f19b-dbb4-4af2-b8b4-44990220b437,
66af4ec3-aa5d-5ac1-97c2-27ef7319a318,0d0262d1-6725-5f74-9cc2-c055dba9e682,SDL,e1f17ce8-43b8-4402-82b1-aa3ebc099d3d,
66af4ec3-aa5d-5ac1-97c2-27ef7319a318,f210bc3e-1d08-5343-b275-afb53cd899f2,SDL,af5fd889-6bfa-43dc-887e-9b70811269d2,
66af4ec3-aa5d-5ac1-97c2-27ef7319a318,77345cba-639e-5029-838c-fc4529d72ccc,SDL,0a305f73-42b1-4c89-b824-55d5129bd378,
66af4ec3-aa5d-5ac1-97c2-27ef7319a318,e4c2a526-9077-56c5-88f8-a3b157255992,SDL,904a17c6-f696-4016-9935-1f5df1b81698,
66af4ec3-aa5d-5ac1-97c2-27ef7319a318,50cc5537-c077-5ea6-9285-c90a8ef7face,SDL,c4f3a301-78f5-4501-a537-310aa80f7ca4,INFORMATION ON DIRECTORS (CONTINUED)
66af4ec3-aa5d-5ac1-97c2-27ef7319a318,a79cd299-0c93-541d-93a5-410be1eda90e,SDL,71022b54-4b66-42f5-8126-0ae35012a834,16 KEY MANAGEMENT PERSONNEL DISCLOSURES
66af4ec3-aa5d-5ac1-97c2-27ef7319a318,321fd5a1-f23d-578f-8426-640b7872ece3,SUR,42ba59f8-0863-45a7-9a40-9c7bf4d7b3ed,
66af4ec3-aa5d-5ac1-97c2-27ef7319a318,e6e00791-a373-5eb1-92cc-6e37f39f4a87,SUR,e7792496-ad14-4245-a509-3c71b3cca563,
