company_id,ticker,company_name,report_pair_id,earlier_report_id,later_report_id,earlier_period_end,later_period_end,all_passages_earlier_count,all_passages_later_count,all_passages_earlier_words,all_passages_later_words,primary_narrative_earlier_count,primary_narrative_later_count,primary_narrative_earlier_words,primary_narrative_later_words,excluded_structured_content_count,excluded_structured_content_words,list_content_count,list_content_words,table_context_count,table_context_words,currency_exposure_mixed_count,currency_exposure_mixed_words,uncertain_count,uncertain_words,positive_count_earlier,positive_count_later,positive_rate_earlier,positive_rate_later,positive_rate_change,negative_count_earlier,negative_count_later,negative_rate_earlier,negative_rate_later,negative_rate_change,uncertainty_count_earlier,uncertainty_count_later,uncertainty_rate_earlier,uncertainty_rate_later,uncertainty_rate_change,litigious_count_earlier,litigious_count_later,litigious_rate_earlier,litigious_rate_later,litigious_rate_change,constraining_count_earlier,constraining_count_later,constraining_rate_earlier,constraining_rate_later,constraining_rate_change,strong_modal_count_earlier,strong_modal_count_later,strong_modal_rate_earlier,strong_modal_rate_later,strong_modal_rate_change,weak_modal_count_earlier,weak_modal_count_later,weak_modal_rate_earlier,weak_modal_rate_later,weak_modal_rate_change,positive_hits_new,positive_hits_removed,negative_hits_new,negative_hits_removed,uncertainty_hits_new,uncertainty_hits_removed,substantially_modified_positive_rate_change,substantially_modified_negative_rate_change,substantially_modified_uncertainty_rate_change,net_tone_earlier,net_tone_later,net_tone_change,uncertainty_intensity_change,negative_language_introduction,negative_language_removal,positive_language_introduction,positive_language_removal,risk_language_introduction,risk_language_removal,forward_looking_caution_change,governance_language_change,financial_condition_language_change,risk_rate_earlier,risk_rate_later,financial_condition_rate_earlier,financial_condition_rate_later,governance_rate_earlier,governance_rate_later,strategy_rate_earlier,strategy_rate_later,analyzed_word_coverage,primary_narrative_coverage,dictionary_match_rate,list_content_share,uncertain_content_share,ambiguous_alignment_share,low_confidence_share,language_signal_quality,primary_eligible,warning_reasons,exclusion_reasons,feature_run_id,alignment_run_id,language_signal_run_id,configuration_hash,generated_at
4829c44c-4ba8-4242-b693-dfcb4ae7c591,ACT,AfroCentric Investment Corporation Limited,3508eec4-4453-48f1-97fb-8533ed6f554e,b8b1c14f-23d4-454d-ae51-f2dfa69fdcef,34ada83c-783b-46dd-811f-b6a3cfecb8ac,2020-06-30,2021-06-30,918,1266,43641,43653,848,1204,43119.0,43231.0,132,944.0,63,8930.0,0,0.0,0,0.0,0,0.0,711,702,18.582405519836914,18.922852983988356,0.3404474641514419,449,446,11.734880560347081,12.02221143996981,0.2873308796227292,323,298,8.441796037844336,8.032778047334087,-0.40901799051024845,202,231,5.279389472583764,6.226750768235484,0.9473612956517199,152,153,3.9726099001620407,4.124211547792334,0.15160164763029327,173,166,4.521457320579165,4.474634751199526,-0.046822569379639134,109,89,2.8487794678793583,2.3990511617876975,-0.4497283060916608,180,139,160,104,57,48,-0.49111666385178765,-2.5075845833825117,1.3894927444083116,6.847524959489833,6.900641544018546,0.05311658452871271,-0.40901799051024845,21.424745581146222,17.582417582417584,24.1028387787895,23.499577345731193,0.1339046598821639,0.0,-0.8587462966019093,-0.2642133719999751,-0.09203042164245767,0.052271182896868953,0.053911262062644884,2.2215252731169306,2.129494851474473,3.606711619883958,3.342498247883983,3.214677748157441,2.6955631031322445,1.0,0.9891859692533278,0.06445063694267517,0.11849787685774947,0.0,0.016069532908704883,0.3177966101694915,USABLE,True,"[alignment-change] alignment run completed with warnings: 110 ambiguous alignment(s); [alignment-change] upstream feature quality is NEEDS_REVIEW; [alignment-change] collision-flagged word share 0.67 above 0.6 -- non-unique correspondence (duplicate/boilerplate content), not a demonstrated mismatch",,84712af6-c181-4f97-b5a0-ccf9c2770287,faa0779e-e307-4d47-ae8e-d369ba91861d,48488f46-e39b-43fa-aff3-a4ff66612694,c994ae70cb5addaa515d9d18c0ce10643b3ca8a0c91e6bc6d880d407812b4684,2026-07-27T16:16:59.830755+00:00
4829c44c-4ba8-4242-b693-dfcb4ae7c591,ACT,AfroCentric Investment Corporation Limited,efc86601-4fe3-4420-ac32-87638b0fa2ca,71c5bb69-2abf-4b9a-8167-cc0fc0645540,923373ad-e6a8-4ca5-96c9-020a5c297d8f,2016-06-30,2017-06-30,504,677,52213,49174,491,631,51049.0,47890.0,59,2448.0,97,20993.0,0,0.0,0,0.0,0,0.0,786,940,15.935124176381146,20.504318994852106,4.56919481847096,430,398,8.717688798783579,8.681615914841636,-0.036072883941942635,405,398,8.210846426761277,8.681615914841636,0.470769488080359,428,253,8.677141409021795,5.518715644359131,-3.158425764662664,289,214,5.859097820577801,4.668004537125905,-1.1910932834518952,250,280,5.06842372022301,6.107669487828288,1.0392457676052773,151,120,3.0613279270146982,2.6175726376406945,-0.44375528937400377,150,155,69,125,75,106,2.8579218367551995,-0.9212848098313611,0.5570233431739684,7.2174353775975675,11.82270308001047,4.6052677024129025,0.470769488080359,7.2153090034508,7.836008024072217,15.685454355327826,9.716649949849549,0.0,0.06268806419257773,0.027014198706355685,-0.05495354726200086,-0.9374983001698216,0.08109477952356817,0.08725242125468982,2.87886467308667,1.9413663729168484,2.1490116573745563,2.0940581101125555,2.4733907754688294,2.835703690777419,1.0,0.9758548926390958,0.063413506498965,0.22058653553152813,0.0,0.06517878721012094,0.30834213305174235,USABLE,True,[alignment-change] alignment run completed with warnings: 94 ambiguous alignment(s); [alignment-change] upstream feature quality is NEEDS_REVIEW,,6df8dabf-f898-4d98-bc4f-414a8a324f94,508b4a88-f940-4692-a66c-8d0ebd9d7ae5,89344b43-03d9-45bf-b574-e37d4b10e8ce,c994ae70cb5addaa515d9d18c0ce10643b3ca8a0c91e6bc6d880d407812b4684,2026-07-27T16:16:59.830755+00:00
4829c44c-4ba8-4242-b693-dfcb4ae7c591,ACT,AfroCentric Investment Corporation Limited,7022dc8d-a738-42dd-87d0-1c3671a93aba,923373ad-e6a8-4ca5-96c9-020a5c297d8f,daf738d9-6e52-4e0d-ac1f-20405909e34b,2017-06-30,2018-06-30,677,749,49174,34487,631,671,47890.0,33411.0,124,2360.0,132,22944.0,0,0.0,0,0.0,0,0.0,940,452,20.504318994852106,15.190724248025543,-5.313594746826563,398,296,8.681615914841636,9.947907914636195,1.266291999794559,398,257,8.681615914841636,8.63720383128886,-0.04441208355277659,253,181,5.518715644359131,6.0830112586119975,0.5642956142528668,214,131,4.668004537125905,4.402621408166695,-0.26538312895921035,280,145,6.107669487828288,4.87313056629138,-1.2345389215369078,120,82,2.6175726376406945,2.7558393547302975,0.13826671708960303,103,224,88,86,55,65,-1.3037619600498331,3.2068611913862224,-0.28705061239786644,11.82270308001047,5.242816333389348,-6.579886746621122,-0.04441208355277659,13.29104364899562,9.095716552088842,15.55656245280169,23.6911686938128,0.0,0.0,0.0938546335368251,1.7036229518938302,0.8816885758312609,0.08725242125468982,0.06721559401781213,1.9413663729168484,2.8230549487481094,2.0940581101125555,3.7976810620063857,2.835703690777419,2.957486136783734,1.0,0.9717909181099915,0.06287120200002645,0.3034960779904496,0.0,0.07779203428616781,0.4372623574144487,USABLE,True,"[alignment-change] alignment run completed with warnings: 143 ambiguous alignment(s); [alignment-change] upstream feature quality is NEEDS_REVIEW; [alignment-change] collision-flagged word share 0.60 above 0.6 -- non-unique correspondence (duplicate/boilerplate content), not a demonstrated mismatch",,183242bf-c73f-41d4-9618-260dd06bdac2,5941c4ab-f289-45fe-a3d8-6e3ffcb5057a,e2cb2fef-1208-405d-86f3-a030fe2dda50,c994ae70cb5addaa515d9d18c0ce10643b3ca8a0c91e6bc6d880d407812b4684,2026-07-27T16:16:59.830755+00:00
4829c44c-4ba8-4242-b693-dfcb4ae7c591,ACT,AfroCentric Investment Corporation Limited,d4b52e4b-2e0c-44f7-93b6-83b1fe0e6d43,daf738d9-6e52-4e0d-ac1f-20405909e34b,b52a299a-4102-4e6c-bf39-cfe728ca20e3,2018-06-30,2019-06-30,749,699,34487,39963,671,667,33411.0,39027.0,110,2012.0,186,27406.0,0,0.0,0,0.0,0,0.0,452,648,15.190724248025543,18.264840182648403,3.07411593462286,296,335,9.947907914636195,9.44247139072101,-0.5054365239151846,257,275,8.63720383128886,7.751282484920233,-0.8859213463686268,181,203,6.0830112586119975,5.721855797959298,-0.3611554606526992,131,149,4.402621408166695,4.199785782738599,-0.2028356254280963,145,147,4.87313056629138,4.143412819211906,-0.7297177470794738,82,74,2.7558393547302975,2.085799650487626,-0.6700397042426713,193,114,89,85,60,47,4.101732196807291,2.0444035076400002,-0.6229513719709381,5.242816333389348,8.822368791927392,3.5795524585380445,-0.8859213463686268,10.144762338994642,14.049586776859504,21.999316083437822,18.84297520661157,0.0,0.0,-1.5559610506112982,-0.3025573233514445,-0.1171526994668648,0.06721559401781213,0.0281864817633463,2.8230549487481094,2.7059022492812446,3.7976810620063857,3.495123738654941,2.957486136783734,3.410564293364902,1.0,0.9729751511081263,0.06137997639231677,0.42012478346848986,0.0,0.039121303634663436,0.43767840152235965,USABLE,True,[alignment-change] alignment run completed with warnings: 153 ambiguous alignment(s); [alignment-change] upstream feature quality is NEEDS_REVIEW,,e40da0ae-527b-42dc-b455-74eea565d1ce,417437eb-a5ef-4bcc-8658-950fc626602a,025a46b8-575f-4e5c-9d47-81cbf7170e09,c994ae70cb5addaa515d9d18c0ce10643b3ca8a0c91e6bc6d880d407812b4684,2026-07-27T16:16:59.830755+00:00
4829c44c-4ba8-4242-b693-dfcb4ae7c591,ACT,AfroCentric Investment Corporation Limited,01cdd41c-b18e-42ae-9105-7d4105383940,b52a299a-4102-4e6c-bf39-cfe728ca20e3,b8b1c14f-23d4-454d-ae51-f2dfa69fdcef,2019-06-30,2020-06-30,699,918,39963,43641,667,848,39027.0,43119.0,102,1458.0,152,20960.0,0,0.0,0,0.0,0,0.0,648,711,18.264840182648403,18.582405519836914,0.3175653371885119,335,449,9.44247139072101,11.734880560347081,2.2924091696260707,275,323,7.751282484920233,8.441796037844336,0.6905135529241031,203,202,5.721855797959298,5.279389472583764,-0.4424663253755341,149,152,4.199785782738599,3.9726099001620407,-0.22717588257655796,147,173,4.143412819211906,4.521457320579165,0.37804450136725887,74,109,2.085799650487626,2.8487794678793583,0.7629798173917322,315,118,209,73,99,41,-8.2090241163489,-5.675338141225424,-0.6240903710527173,8.822368791927392,6.847524959489833,-1.9748438324375588,0.6905135529241031,16.82092555331992,10.07035453165954,25.35211267605634,16.278107325148298,0.08048289738430583,0.0,1.4534933703158366,0.11158788122901697,-0.48437697616431397,0.0281864817633463,0.052271182896868953,2.7059022492812446,2.2215252731169306,3.495123738654941,3.606711619883958,3.410564293364902,3.214677748157441,1.0,0.9825606430314339,0.06292378627610523,0.28424193110930296,0.0,0.0381882289123949,0.3640897755610973,USABLE,True,[alignment-change] alignment run completed with warnings: 129 ambiguous alignment(s); [alignment-change] upstream feature quality is NEEDS_REVIEW,,388ee27f-73e9-4737-a129-bc08e2a739aa,3c2635d8-63bc-4a44-ab03-d1c0b6193ad7,95db8550-e45a-4ec8-961e-d356b19f5a2e,c994ae70cb5addaa515d9d18c0ce10643b3ca8a0c91e6bc6d880d407812b4684,2026-07-27T16:16:59.830755+00:00
4829c44c-4ba8-4242-b693-dfcb4ae7c591,ACT,AfroCentric Investment Corporation Limited,f186f164-e96f-49e3-9aca-46422253fdf6,ccfc1325-dd2d-4f31-af07-f5146a0fdf03,627c643f-cfeb-4d8c-a6aa-cae4f04f54ae,2023-06-30,2024-06-30,1154,1059,52709,54701,1079,995,52267.0,54368.0,139,775.0,154,24768.0,0,0.0,0,0.0,0,0.0,936,1184,20.571428571428573,24.794253764161414,4.2228251927328415,605,626,13.296703296703297,13.1091240340921,-0.18757926261119806,344,374,7.56043956043956,7.831968672125312,0.27152911168575145,305,290,6.7032967032967035,6.072916884803049,-0.6303798184936547,195,223,4.285714285714286,4.669863673486483,0.3841493877721973,184,176,4.043956043956044,3.685632316294264,-0.35832372766177967,85,81,1.8681318681318682,1.6962285092036102,-0.17190335892825792,205,64,114,64,48,46,4.122513333478395,-3.0176483952876723,0.8536719479140151,7.2747252747252755,11.685129730069315,4.41040445534404,0.27152911168575145,17.65799256505576,14.998828216545583,31.753407682775713,14.998828216545583,0.0,0.7030700726505742,0.0996257527574933,-1.0759105405724467,0.13910224384958947,0.08791208791208792,0.06282327811865224,1.934065934065934,2.0731681779155235,3.2747252747252746,2.198814734152828,2.769230769230769,3.1411639059326117,1.0,0.9927846569220743,0.06790130076244195,0.2656000343152499,0.0,0.047859050110988385,0.5225285810356423,USABLE,True,"[alignment-change] alignment run completed with warnings: 193 ambiguous alignment(s); [alignment-change] upstream feature quality is NEEDS_REVIEW; [alignment-change] collision-flagged word share 0.71 above 0.6 -- non-unique correspondence (duplicate/boilerplate content), not a demonstrated mismatch",,c95db972-f52e-4fac-b8c2-bb744700aae2,70703fc6-fa42-4553-86b2-fc6514542c78,a3057147-1dff-4db9-89e5-b80a1c911fd5,c994ae70cb5addaa515d9d18c0ce10643b3ca8a0c91e6bc6d880d407812b4684,2026-07-27T16:16:59.830755+00:00
4829c44c-4ba8-4242-b693-dfcb4ae7c591,ACT,AfroCentric Investment Corporation Limited,1bd7426f-c90f-40bf-a674-ceba14e90b2d,df83cc42-dc79-40f7-802e-bd6cf9cc0e57,ccfc1325-dd2d-4f31-af07-f5146a0fdf03,2022-06-30,2023-06-30,1240,1154,49688,52709,1180,1079,49274.0,52267.0,135,856.0,67,9016.0,0,0.0,0,0.0,0,0.0,732,936,17.508610792192883,20.571428571428573,3.06281777923569,546,605,13.059701492537313,13.296703296703297,0.2370018041659847,338,344,8.08457711442786,7.56043956043956,-0.5241375539883002,277,305,6.6255262150784535,6.7032967032967035,0.07777048821824994,183,195,4.377152698048221,4.285714285714286,-0.09143841233393513,206,184,4.927286643704554,4.043956043956044,-0.8833305997485104,90,85,2.152698048220436,1.8681318681318682,-0.28456618008856793,210,117,95,134,24,62,-2.143408340511936,5.553581250295686,1.2643058815080543,4.44890929965557,7.2747252747252755,2.8258159750697054,-0.5241375539883002,12.589451364961569,18.154721582441404,27.82931354359926,15.851510635415256,0.0,0.0,-0.8087037340768681,-0.16959160242742355,0.06839429227488925,0.04783773440489859,0.08791208791208792,1.8656716417910448,1.934065934065934,3.444316877152698,3.2747252747252746,2.4158055874473785,2.769230769230769,1.0,0.9916403800892605,0.06549228020341778,0.10326659641728135,0.0,0.0456086498373574,0.4719710669077758,USABLE,True,"[alignment-change] alignment run completed with warnings: 210 ambiguous alignment(s); [alignment-change] upstream feature quality is NEEDS_REVIEW; [alignment-change] collision-flagged word share 0.63 above 0.6 -- non-unique correspondence (duplicate/boilerplate content), not a demonstrated mismatch",,139409ea-789b-4d3c-81ec-e98f4d86e129,6fce1e80-9902-46ab-b5f4-9ac68dea55b6,172e07fa-3668-44ed-8562-c655b26e63a8,c994ae70cb5addaa515d9d18c0ce10643b3ca8a0c91e6bc6d880d407812b4684,2026-07-27T16:16:59.830755+00:00
4829c44c-4ba8-4242-b693-dfcb4ae7c591,ACT,AfroCentric Investment Corporation Limited,6f19666e-09f0-4284-b84c-d6d79da10f5f,34ada83c-783b-46dd-811f-b6a3cfecb8ac,df83cc42-dc79-40f7-802e-bd6cf9cc0e57,2021-06-30,2022-06-30,1266,1240,43653,49688,1204,1180,43231.0,49274.0,122,836.0,58,8073.0,0,0.0,0,0.0,0,0.0,702,732,18.922852983988356,17.508610792192883,-1.4142421917954735,446,546,12.02221143996981,13.059701492537313,1.0374900525675024,298,338,8.032778047334087,8.08457711442786,0.05179906709377313,231,277,6.226750768235484,6.6255262150784535,0.3987754468429694,153,183,4.124211547792334,4.377152698048221,0.2529411502558867,166,206,4.474634751199526,4.927286643704554,0.45265189250502846,89,90,2.3990511617876975,2.152698048220436,-0.24635311356726142,134,104,161,96,62,43,-3.4490934561479207,-4.490878399249475,-1.5184801816921372,6.900641544018546,4.44890929965557,-2.451732244362976,0.05179906709377313,20.180496365003762,20.512820512820515,16.796189521183255,22.22222222222222,0.0,0.0,-0.19455404647348828,0.1018186292687151,-0.2638232096834281,0.053911262062644884,0.04783773440489859,2.129494851474473,1.8656716417910448,3.342498247883983,3.444316877152698,2.6955631031322445,2.4158055874473785,1.0,0.9910435928477304,0.06446911514967175,0.10231161128431299,0.0,0.030010392112133424,0.4601156069364162,USABLE,True,"[alignment-change] alignment run completed with warnings: 182 ambiguous alignment(s); [alignment-change] upstream feature quality is NEEDS_REVIEW; [alignment-change] collision-flagged word share 0.67 above 0.6 -- non-unique correspondence (duplicate/boilerplate content), not a demonstrated mismatch",,f787c276-87c6-406b-ab1d-efc40665b3d1,edc427ce-19dd-4070-943b-c2843cc527be,a3dbf025-a26e-4053-a48c-132bf3eada79,c994ae70cb5addaa515d9d18c0ce10643b3ca8a0c91e6bc6d880d407812b4684,2026-07-27T16:16:59.830755+00:00
5b74305c-b5ae-49ab-9d5d-9e2f4ea374d2,BEL,Bell Equipment Limited,15448205-d33c-49ad-9637-b06e00e113fa,ae3729e6-2c8f-42fc-b49f-f1eb11d93422,58885078-9367-48da-b77b-7ba13c40d30e,2016-12-31,2017-12-31,344,389,36385,35778,333,376,35826.0,35236.0,24,1101.0,152,30238.0,0,0.0,0,0.0,0,0.0,490,477,14.043736207044796,13.997300311051118,-0.046435895993678145,348,295,9.973918775615488,8.65661130348025,-1.3173074721352371,243,243,6.964546731248746,7.130700158460003,0.16615342721125703,163,163,4.671691840302657,4.783144550736545,0.11145271043388849,169,186,4.843655957123613,5.45806678795704,0.6144108308334264,128,117,3.6685678255137426,3.4333000762955574,-0.23526774921818516,55,72,1.5763377375254364,2.1128000469511123,0.536462309425676,26,46,14,30,12,12,-3.996538811147545,-0.8001508330305942,1.0557545713598122,4.069817431429309,5.340689007570868,1.270871576141559,0.16615342721125703,7.882882882882883,11.11111111111111,14.63963963963964,17.037037037037038,0.5630630630630631,1.1111111111111112,0.7026157366369343,1.2790194934868717,-0.07430096592399504,0.3725889197787395,0.4988555666412348,1.8056232266200454,1.7313222606960503,3.1813361611876987,4.46035565467457,2.3215155770829154,1.9954222665649393,1.0,0.9847428737718775,0.0538357812930447,0.43842885934260317,0.0,0.08818454668039263,0.48653846153846153,USABLE,True,"[alignment-change] alignment run completed with warnings: 76 ambiguous alignment(s); [alignment-change] upstream feature quality is NEEDS_REVIEW; [alignment-change] collision-flagged word share 0.71 above 0.6 -- non-unique correspondence (duplicate/boilerplate content), not a demonstrated mismatch",,3cfed558-c95c-44af-87c7-0e58f51530b0,5f92ff74-9412-4d66-837a-80a2b2e84ab0,dd2c84e9-6015-4384-b305-dc1e0bd0c322,c994ae70cb5addaa515d9d18c0ce10643b3ca8a0c91e6bc6d880d407812b4684,2026-07-27T16:16:59.830755+00:00
5b74305c-b5ae-49ab-9d5d-9e2f4ea374d2,BEL,Bell Equipment Limited,9586003a-ee0f-45b8-83ed-1eeb58a36532,58885078-9367-48da-b77b-7ba13c40d30e,5e143d2c-c26b-4d8f-bdd2-8c77fa9621fb,2017-12-31,2018-12-31,389,391,35778,39999,376,384,35236.0,39475.0,20,1066.0,165,32503.0,0,0.0,0,0.0,0,0.0,477,474,13.997300311051118,12.453038383732233,-1.5442619273188853,295,311,8.65661130348025,8.17066442476946,-0.4859468787107897,243,290,7.130700158460003,7.618947534350944,0.4882473758909409,163,181,4.783144550736545,4.755274150750072,-0.027870399986473338,186,176,5.45806678795704,4.6239129863647115,-0.8341538015923282,117,114,3.4333000762955574,2.9950345479862333,-0.4382655283093242,72,67,2.1128000469511123,1.760239602763839,-0.3525604441872734,49,44,31,12,47,13,-3.0564254426401742,-3.2652392507370314,-2.6539541622089966,5.340689007570868,4.282373958962772,-1.0583150486080957,0.4882473758909409,8.098223615464995,4.769475357710652,12.800417972831767,17.488076311605724,0.2612330198537095,0.397456279809221,0.13568693170366686,0.0321961673047797,0.554361999609233,0.4988555666412348,0.4466279589102278,1.7313222606960503,2.2856842603052834,4.46035565467457,4.49255182197935,1.9954222665649393,2.233139794551139,1.0,0.9859324069308629,0.052979581652596995,0.45054823193468346,0.0,0.07750100497636572,0.5192307692307693,USABLE,True,"[alignment-change] alignment run completed with warnings: 118 ambiguous alignment(s); [alignment-change] upstream feature quality is NEEDS_REVIEW; [alignment-change] collision-flagged word share 0.74 above 0.6 -- non-unique correspondence (duplicate/boilerplate content), not a demonstrated mismatch",,e3653e07-e717-482f-9fa4-1c8a04488b2e,fe7dbdfe-ef62-47b1-8751-6d9a3b28d86e,d6741965-07eb-4bf3-a281-c2bf7bc3b2d0,c994ae70cb5addaa515d9d18c0ce10643b3ca8a0c91e6bc6d880d407812b4684,2026-07-27T16:16:59.830755+00:00
5b74305c-b5ae-49ab-9d5d-9e2f4ea374d2,BEL,Bell Equipment Limited,f61ef31c-7a51-4fcc-8d4b-e9c04f9db807,1276e697-8e26-4a65-9eb4-f11619aaef07,6e756e03-f4f6-4223-a495-88b691b06da6,2021-12-31,2022-12-31,730,796,51728,50847,718,774,51001.0,50264.0,34,1310.0,177,30411.0,2,233.0,0,0.0,0,0.0,646,563,13.461418241680384,11.97693960473972,-1.4844786369406648,503,467,10.481568692825439,9.934690577999021,-0.5468781148264181,349,334,7.272499947904728,7.1053247388686795,-0.16717520903604832,269,247,5.605451249244618,5.254536558384921,-0.35091469085969695,283,271,5.897184771510138,5.765098815070096,-0.13208595644004184,211,207,4.3968409427160395,4.4035994639096305,0.006758521193590994,93,90,1.9379441121923775,1.9146084625694046,-0.023335649622972854,46,30,22,44,15,26,-1.667221829707847,-0.149132227886712,-0.9197084871234535,2.9798495488549452,2.0422490267406985,-0.9376005221142467,-0.16717520903604832,6.389776357827476,10.025062656641603,13.36044147545745,6.83526999316473,0.0,0.0,-0.19051085865902095,0.064427157037374,0.017091797398669062,0.4167621746650274,0.46801540196141,2.8548208964554376,2.8719126938541066,3.0840400925212026,3.1484672495585766,1.750401133593115,2.084795881464463,1.0,0.9872288569339508,0.05605499178912796,0.32012926860078317,0.0,0.05273906269737673,0.6046511627906976,USABLE,True,"[alignment-change] alignment run completed with warnings: 135 ambiguous alignment(s); [alignment-change] upstream feature quality is NEEDS_REVIEW; [alignment-change] collision-flagged word share 0.77 above 0.6 -- non-unique correspondence (duplicate/boilerplate content), not a demonstrated mismatch",,cd3fd907-7fe7-44ca-a2f4-a99c28e2b555,845c91bd-8d4a-4cd3-98f3-d6bd104d2f57,5c2aeb2d-3b38-4d2e-b5ab-833be6de76fc,c994ae70cb5addaa515d9d18c0ce10643b3ca8a0c91e6bc6d880d407812b4684,2026-07-27T16:16:59.830755+00:00
5b74305c-b5ae-49ab-9d5d-9e2f4ea374d2,BEL,Bell Equipment Limited,99605b80-c80b-483a-9156-3405eb9a5c71,224ac57d-bedf-4268-a773-9184fb8605d9,30230fbf-6933-4049-a5bd-ca6927a76349,2019-12-31,2020-12-31,652,378,50775,27609,628,369,50248.0,27298.0,33,838.0,152,27367.0,1,81.0,0,0.0,0,0.0,543,406,11.264157988632121,15.61298261805876,4.348824629426639,521,317,10.807783263494171,12.190432241193662,1.3826489776994908,366,254,7.592415881840434,9.767728041839717,2.175312159999283,251,120,5.206820727710244,4.614674665436087,-0.592146062274157,278,137,5.766916981288636,5.268420243039532,-0.4984967382491039,179,74,3.7132307181678628,2.8457160436855866,-0.8675146744822761,100,50,2.074430568808862,1.9227811105983694,-0.15164945821049236,27,135,20,248,27,138,4.672354503709908,5.428292298998107,0.9096878553468182,0.45637472513794997,3.4225503768650984,2.9661756517271485,2.175312159999283,10.49317943336831,11.110115581041125,14.165792235047219,6.047845175163515,1.5739769150052465,0.8511782098378281,2.0236627017887923,0.26892929381424713,0.14944292269544635,0.5186076422022154,0.3076449776957391,2.4270837655063686,2.576526688201815,3.422810438534622,3.691739732348869,1.9499647346803302,2.0381479772342717,1.0,0.9893090426617677,0.05687912680231775,0.3687777927503032,0.0,0.03564209675245924,0.37420178799489145,USABLE,True,[alignment-change] alignment run completed with warnings: 82 ambiguous alignment(s); [alignment-change] upstream feature quality is NEEDS_REVIEW,,a8514f64-2c60-4690-8766-d74815b72f30,d8d554b7-0491-4c2f-87ef-56b910a89938,edf572e3-389a-4d97-b4cd-dbee40bdd9cd,c994ae70cb5addaa515d9d18c0ce10643b3ca8a0c91e6bc6d880d407812b4684,2026-07-27T16:16:59.830755+00:00
5b74305c-b5ae-49ab-9d5d-9e2f4ea374d2,BEL,Bell Equipment Limited,797dd800-261d-4097-8bc9-86a0d1d27555,30230fbf-6933-4049-a5bd-ca6927a76349,1276e697-8e26-4a65-9eb4-f11619aaef07,2020-12-31,2021-12-31,378,730,27609,51728,369,718,27298.0,51001.0,21,1038.0,131,22775.0,1,102.0,0,0.0,0,0.0,406,646,15.61298261805876,13.461418241680384,-2.151564376378376,317,503,12.190432241193662,10.481568692825439,-1.7088635483682229,254,349,9.767728041839717,7.272499947904728,-2.4952280939349896,120,269,4.614674665436087,5.605451249244618,0.9907765838085316,137,283,5.268420243039532,5.897184771510138,0.6287645284706054,74,211,2.8457160436855866,4.3968409427160395,1.551124899030453,50,93,1.9227811105983694,1.9379441121923775,0.015163001594008074,198,22,211,27,123,10,3.1767854348499505,-2.133292455873102,-3.127604740507966,3.4225503768650984,2.9798495488549452,-0.4427008280101532,-2.4952280939349896,9.547511312217194,14.859658778205834,8.959276018099548,12.107870115575125,0.45248868778280543,0.0,-2.4800650923409826,-0.6076996398276666,0.2782942082536226,0.3076449776957391,0.4167621746650274,2.576526688201815,2.8548208964554376,3.691739732348869,3.0840400925212026,2.0381479772342717,1.750401133593115,1.0,0.9869165710828491,0.05845147513954023,0.30779938642844595,0.0,0.04503128674334059,0.38310893512851896,USABLE,True,[alignment-change] alignment run completed with warnings: 64 ambiguous alignment(s); [alignment-change] upstream feature quality is NEEDS_REVIEW,,b8a361b0-d864-4dd2-b76d-51b7fa7eab68,59e9517b-5229-4340-9ecb-666943fbc5b0,f71b030c-61a5-4fb3-8cf5-fa0a0458f55c,c994ae70cb5addaa515d9d18c0ce10643b3ca8a0c91e6bc6d880d407812b4684,2026-07-27T16:16:59.830755+00:00
5b74305c-b5ae-49ab-9d5d-9e2f4ea374d2,BEL,Bell Equipment Limited,f2bf4ba7-cd10-4079-b827-e8a9ee1af1f3,5e143d2c-c26b-4d8f-bdd2-8c77fa9621fb,224ac57d-bedf-4268-a773-9184fb8605d9,2018-12-31,2019-12-31,391,652,39999,50775,384,628,39475.0,50248.0,31,1051.0,196,38015.0,1,81.0,0,0.0,0,0.0,474,543,12.453038383732233,11.264157988632121,-1.188880395100112,311,521,8.17066442476946,10.807783263494171,2.63711883872471,290,366,7.618947534350944,7.592415881840434,-0.02653165251050993,181,251,4.755274150750072,5.206820727710244,0.45154657696017164,176,278,4.6239129863647115,5.766916981288636,1.1430039949239248,114,179,2.9950345479862333,3.7132307181678628,0.7181961701816295,67,100,1.760239602763839,2.074430568808862,0.31419096604502283,63,31,198,25,88,39,-0.3762433509802179,1.2066949184512659,2.082919406964023,4.282373958962772,0.45637472513794997,-3.825999233824822,-0.02653165251050993,19.425095653880113,8.090614886731391,6.180712253507309,10.032362459546926,0.5886392622387914,1.2944983818770226,0.2876593135345118,-1.069741383444728,0.14139950520108524,0.4466279589102278,0.5186076422022154,2.2856842603052834,2.4270837655063686,4.49255182197935,3.422810438534622,2.233139794551139,1.9499647346803302,1.0,0.9884217947870536,0.05346068692114201,0.4406565510206447,0.0,0.07746699277840244,0.3937888198757764,USABLE,True,"[alignment-change] alignment run completed with warnings: 116 ambiguous alignment(s); [alignment-change] upstream feature quality is NEEDS_REVIEW; [alignment-change] collision-flagged word share 0.67 above 0.6 -- non-unique correspondence (duplicate/boilerplate content), not a demonstrated mismatch",,bbcbe07e-3a4e-416f-86a4-6e758090ade2,24eeadf0-1892-4d3b-9cec-163a47eb7236,2931cc4f-0b18-4753-b61b-7ef4059d743a,c994ae70cb5addaa515d9d18c0ce10643b3ca8a0c91e6bc6d880d407812b4684,2026-07-27T16:16:59.830755+00:00
508105ff-901d-4c6e-8d95-9c2aa397c1e4,KP2,Kore Potash plc,393f45ef-e61e-47f4-8ea5-f299cb518d79,8ac44907-16b3-41be-b0aa-a2047f51d366,6727add6-a49e-45ee-8153-74bc358cea76,2023-12-31,2024-12-31,548,488,49908,49301,527,469,48796.0,48109.0,40,2304.0,70,20039.0,0,0.0,0,0.0,0,0.0,307,323,6.464382725147923,6.914711423188902,0.4503286980409795,488,521,10.275631172222106,11.153450933379004,0.8778197611568981,376,415,7.917289591712114,8.88422675115602,0.9669371594439049,272,239,5.72740098123855,5.116458297653708,-0.6109426835848426,224,246,4.716683161019983,5.266312724781641,0.5496295637616582,147,133,3.095323324419364,2.8472341154307244,-0.2480892089886395,85,100,1.7898128066370471,2.140777530399041,0.35096472376199395,114,101,141,137,131,135,3.0948932870306605,2.5357087112728927,4.044288760301744,-3.811248447074183,-4.2387395101901015,-0.42749106311591856,0.9669371594439049,9.97947483898365,9.259885096316323,8.068511571944228,6.82663061845218,1.2031990940618587,1.7573504562352147,1.3179018832058986,-0.09578932522630934,0.20707991547448845,1.958265776673475,2.09796197979106,2.1477753679644564,2.354855283438945,1.958265776673475,1.8624764514471657,1.537133351582405,1.6912142490152424,1.0,0.9767763005372496,0.0489474857488615,0.21272146322303961,0.0,0.06466885343354245,0.5930555555555556,USABLE,True,[report-side] earlier dictionary match rate 0.048 is borderline (< 0.05) -- plausible but worth spot-checking; [alignment-change] alignment run completed with warnings: 143 ambiguous alignment(s); [alignment-change] upstream feature quality is NEEDS_REVIEW,,ab5cd78c-e995-4dc4-87ae-491782471592,909ac173-02a1-4be1-8e1b-1cbf913bf080,c31a806b-cf1c-4c03-8595-482a6769bf65,c994ae70cb5addaa515d9d18c0ce10643b3ca8a0c91e6bc6d880d407812b4684,2026-07-27T16:16:59.830755+00:00
508105ff-901d-4c6e-8d95-9c2aa397c1e4,KP2,Kore Potash plc,6b6ff484-ea7d-4b87-9768-2d51318ec849,9b42f11c-afea-49d9-8540-953b610f767e,a2262f14-20d8-46ef-b930-b5ecd78bd669,2019-12-31,2020-12-31,557,521,53995,48074,538,508,51370.0,46518.0,32,4181.0,57,16619.0,0,0.0,2,735.0,0,0.0,316,287,6.305245725003492,6.339739341727413,0.03449361672392115,500,485,9.976654628170081,10.713496796995804,0.7368421688257225,387,383,7.721930682203643,8.460349017009056,0.738418334805413,200,200,3.9906618512680327,4.417936823503424,0.427274972235391,212,226,4.230101562344115,4.992268610558869,0.7621670482147547,110,107,2.194864018197418,2.3635962005743316,0.16873218237691345,113,122,2.2547239459664383,2.6949414623370886,0.4402175163706503,133,128,221,196,183,178,-3.136124702605594,-5.179918097911727,-0.340948340550252,-3.671408903166589,-4.37375745526839,-0.7023485521018014,0.738418334805413,13.186157517899762,9.941668780116663,7.935560859188544,6.492518387014964,2.386634844868735,1.3187927973624145,1.1786358511760646,-0.048617844581651415,-0.05643740852061141,1.2570584831494303,1.6125469405787498,2.1549573996847378,2.0985199911641264,2.4343037292735,2.3856858846918487,0.7582257517409262,0.9719461011707533,1.0,0.9590375138386777,0.04506903456445847,0.17422709593550484,0.0,0.03739503286611383,0.564673157162726,USABLE,True,[report-side] earlier dictionary match rate 0.043 is borderline (< 0.05) -- plausible but worth spot-checking; [report-side] later dictionary match rate 0.047 is borderline (< 0.05) -- plausible but worth spot-checking; [alignment-change] alignment run completed with warnings: 84 ambiguous alignment(s); [alignment-change] upstream feature quality is NEEDS_REVIEW,,1deb6629-d489-4738-8d3a-00f054486cdc,e68a685d-4421-405d-84b3-ab32126f796a,aa03c086-7b4a-4418-ad9f-e739a3f3bdb7,c994ae70cb5addaa515d9d18c0ce10643b3ca8a0c91e6bc6d880d407812b4684,2026-07-27T16:16:59.830755+00:00
508105ff-901d-4c6e-8d95-9c2aa397c1e4,KP2,Kore Potash plc,5b757eb0-ecd2-4b0a-a06b-2289156a8aca,a2262f14-20d8-46ef-b930-b5ecd78bd669,5c665d1e-a960-435d-ad3f-6053ff31aae7,2020-12-31,2021-12-31,521,518,48074,49246,508,502,46518.0,47656.0,29,3146.0,70,20314.0,0,0.0,1,315.0,0,0.0,287,293,6.339739341727413,6.291063683600292,-0.048675658127121046,485,517,10.713496796995804,11.100614076523382,0.3871172795275779,383,338,8.460349017009056,7.257268003607162,-1.2030810134018939,200,197,4.417936823503424,4.229827800918968,-0.18810902258445594,226,219,4.992268610558869,4.702194357366771,-0.2900742531920981,107,97,2.3635962005743316,2.082707089792588,-0.2808891107817435,122,96,2.6949414623370886,2.0612358826813244,-0.6337055796557642,124,127,152,172,131,170,3.1303841558151424,2.347788116861356,-1.9751749163075818,-4.37375745526839,-4.809550392923089,-0.43579293765469895,-1.2030810134018939,9.422266303000248,10.895040222968266,7.686585668237044,8.044593653005638,1.4257376642697743,2.5337302844112246,-1.83678659305766,-0.2815075877879969,0.07007192707351706,1.6125469405787498,1.3312148408983553,2.0985199911641264,2.1685919182376434,2.3856858846918487,2.104178296903852,0.9719461011707533,1.1165027697857173,1.0,0.9676736539251952,0.04572971560472105,0.22117939114150081,0.0,0.03899002656678716,0.6492537313432836,USABLE,True,[report-side] earlier dictionary match rate 0.047 is borderline (< 0.05) -- plausible but worth spot-checking; [report-side] later dictionary match rate 0.044 is borderline (< 0.05) -- plausible but worth spot-checking; [alignment-change] alignment run completed with warnings: 106 ambiguous alignment(s); [alignment-change] upstream feature quality is NEEDS_REVIEW,,d40a7341-6dbb-459b-801f-53b47201ee29,2b017095-0a71-44ae-9f0b-b9d2aad4f856,3f264102-da7a-48e3-bb17-a167cbdf87ea,c994ae70cb5addaa515d9d18c0ce10643b3ca8a0c91e6bc6d880d407812b4684,2026-07-27T16:16:59.830755+00:00
508105ff-901d-4c6e-8d95-9c2aa397c1e4,KP2,Kore Potash plc,4304dbf2-4d9f-4c85-91dc-6913ab4f6739,5c665d1e-a960-435d-ad3f-6053ff31aae7,15fb5b0d-cb2a-4633-8851-a31c37abe2f1,2021-12-31,2022-12-31,518,495,49246,46777,502,480,47656.0,45968.0,31,2399.0,78,22410.0,0,0.0,0,0.0,0,0.0,293,293,6.291063683600292,6.526484608188176,0.235420924587884,517,472,11.100614076523382,10.513654385886756,-0.5869596906366255,338,368,7.257268003607162,8.197086470352385,0.9398184667452227,197,194,4.229827800918968,4.3212901501314205,0.09146234921245266,219,207,4.702194357366771,4.610861139573217,-0.09133321779355441,97,107,2.082707089792588,2.383391990020938,0.30068490022835004,96,96,2.0612358826813244,2.1383703835701877,0.07713450088886331,92,106,142,157,126,110,1.784562954775721,-3.0453309288695625,2.2640013961402543,-4.809550392923089,-3.98716977769858,0.8223806152245094,0.9398184667452227,10.438873777843122,10.348009491167941,6.763213996912445,6.986554178750329,2.2789090641770198,0.856841550224097,1.0169529676340865,-0.09945606230680104,-0.030221534667455696,1.3312148408983553,1.7597006281463001,2.1685919182376434,2.1383703835701877,2.104178296903852,2.004722234597051,1.1165027697857173,1.4924043302000267,1.0,0.9750164023202774,0.045250798093322255,0.24500371714698035,0.0,0.03658109940088337,0.5690440060698028,USABLE,True,[report-side] earlier dictionary match rate 0.044 is borderline (< 0.05) -- plausible but worth spot-checking; [report-side] later dictionary match rate 0.046 is borderline (< 0.05) -- plausible but worth spot-checking; [alignment-change] alignment run completed with warnings: 67 ambiguous alignment(s); [alignment-change] upstream feature quality is NEEDS_REVIEW,,3e4a502b-ca51-46e4-b202-126f1bee8ec1,8d34700b-d0fc-4232-bca0-d41d8f43e087,17c36b6d-b022-4f61-90ee-e433bd3c60e7,c994ae70cb5addaa515d9d18c0ce10643b3ca8a0c91e6bc6d880d407812b4684,2026-07-27T16:16:59.830755+00:00
508105ff-901d-4c6e-8d95-9c2aa397c1e4,KP2,Kore Potash plc,3be59506-3d38-4040-a4fa-da7bd764ab81,15fb5b0d-cb2a-4633-8851-a31c37abe2f1,8ac44907-16b3-41be-b0aa-a2047f51d366,2022-12-31,2023-12-31,495,548,46777,49908,480,527,45968.0,48796.0,36,1921.0,77,22984.0,0,0.0,0,0.0,0,0.0,293,307,6.526484608188176,6.464382725147923,-0.06210188304025355,472,488,10.513654385886756,10.275631172222106,-0.2380232136646505,368,376,8.197086470352385,7.917289591712114,-0.2797968786402709,194,272,4.3212901501314205,5.72740098123855,1.4061108311071298,207,224,4.610861139573217,4.716683161019983,0.105822021446766,107,147,2.383391990020938,3.095323324419364,0.7119313343984257,96,85,2.1383703835701877,1.7898128066370471,-0.3485575769331406,100,96,133,143,130,123,2.3505148650803664,2.873568627746268,2.786034437644596,-3.98716977769858,-3.811248447074183,0.17592133062439697,-0.2797968786402709,8.89453621346887,10.729291716686674,6.687621213134488,7.202881152460985,2.4744198488597604,2.175870348139256,-0.6283544555734117,-0.04645645792357578,0.009404984394268734,1.7597006281463001,1.958265776673475,2.1383703835701877,2.1477753679644564,2.004722234597051,1.958265776673475,1.4924043302000267,1.537133351582405,1.0,0.9801313543983038,0.04685825621042377,0.24878497591600368,0.0,0.027861665854846566,0.5565092989985694,USABLE,True,"[report-side] earlier dictionary match rate 0.046 is borderline (< 0.05) -- plausible but worth spot-checking; [report-side] later dictionary match rate 0.048 is borderline (< 0.05) -- plausible but worth spot-checking; [alignment-change] alignment run completed with warnings: 89 ambiguous alignment(s); [alignment-change] upstream feature quality is NEEDS_REVIEW; [alignment-change] collision-flagged word share 0.60 above 0.6 -- non-unique correspondence (duplicate/boilerplate content), not a demonstrated mismatch",,7aa7ecc4-3c28-486b-a462-9e49593fce48,f53d299c-879a-4d80-8c05-42adabc0e27b,ffa26518-5859-4d33-a1d1-473d0d2e74be,c994ae70cb5addaa515d9d18c0ce10643b3ca8a0c91e6bc6d880d407812b4684,2026-07-27T16:16:59.830755+00:00
3dd6e62b-ff44-4ed8-b73b-5725f2ffe503,SBP,Sabvest Capital Limited,0594cd10-bac7-4150-8f96-6d1218bd03eb,a778946b-b598-43d5-80eb-8df78da559c4,95435d37-add8-401b-b381-a4b3bca05b56,2024-12-31,2025-12-31,204,201,19229,19254,193,186,19078.0,19026.0,26,379.0,73,11774.0,0,0.0,0,0.0,0,0.0,184,195,10.101564644523744,10.705462530881142,0.603897886357398,92,101,5.050782322261872,5.544880592917925,0.4940982706560524,183,171,10.046664836673072,9.387867142465002,-0.6587976942080704,58,68,3.1841888553390065,3.7331869338457317,0.5489980785067252,102,103,5.599780400768597,5.65468020861927,0.05489980785067328,54,56,2.964589623936316,3.0743892396376613,0.10979961570134522,42,41,2.305791929728246,2.2508921218775733,-0.05489980785067283,8,12,0,1,2,2,-3.7735849056603774,-7.547169811320755,15.209125475285171,5.050782322261872,5.160581937963218,0.10979961570134567,-0.6587976942080704,0.0,1.4684287812041117,8.146639511201629,17.621145374449338,0.0,0.0,-0.7136975020587428,0.10979961570134522,0.05489980785067239,0.0,0.0,3.019489431786989,3.0743892396376613,2.635190776832281,2.744990392533626,1.7018940433708483,1.7567938512215207,1.0,0.9901514954655303,0.047268734559429045,0.32319516881690913,0.0,0.030002744990392533,0.8018433179723502,USABLE,True,"[report-side] earlier dictionary match rate 0.047 is borderline (< 0.05) -- plausible but worth spot-checking; [report-side] later dictionary match rate 0.048 is borderline (< 0.05) -- plausible but worth spot-checking; [alignment-change] alignment run completed with warnings: 18 ambiguous alignment(s); [alignment-change] upstream feature quality is NEEDS_REVIEW; [alignment-change] collision-flagged word share 0.83 above 0.6 -- non-unique correspondence (duplicate/boilerplate content), not a demonstrated mismatch",,ead4e778-8296-4444-b04f-df267854771e,3246e31b-5a70-4cbe-8de1-a02565650bd5,99564865-34ed-4f9d-9e39-750ab5271bce,c994ae70cb5addaa515d9d18c0ce10643b3ca8a0c91e6bc6d880d407812b4684,2026-07-27T16:16:59.830755+00:00
7f1b8c83-4c69-46f4-bb3e-430bc53d365e,SDL,Southern Palladium Limited,60caa2a3-661d-4ee2-92ef-539768f8068c,67ce190f-2d0c-4c58-ab57-aee35a812471,1bcb0b78-58e8-4ac2-a2ee-0c25ef6364a3,2024-06-30,2025-06-30,298,308,19323,19353,260,266,18637.0,18702.0,80,1337.0,8,2231.0,0,0.0,0,0.0,0,0.0,125,158,7.099449082751178,8.902411539328375,1.8029624565771964,180,197,10.223206679161697,11.099842235744873,0.8766355565831763,139,132,7.894587380019311,7.437457741717377,-0.4571296383019341,111,110,6.304310785483047,6.197881451431147,-0.10642933405189936,94,101,5.338785710228886,5.690782059950417,0.3519963497215306,42,43,2.385414891804396,2.422808203741267,0.03739331193687079,63,59,3.578122337706594,3.3243182330403425,-0.25380410466625136,38,26,27,14,12,16,5.707094793475264,3.7761648919126367,-1.8629328524482656,-3.1237575964105186,-2.1974306964164985,0.9263268999940202,-0.4571296383019341,8.04769001490313,4.867872044506258,11.326378539493293,9.040333796940194,0.29806259314456035,0.3477051460361613,-0.7109337429681872,-0.47286459035957984,0.0919328254447942,0.8519338899301414,0.7888212756366915,2.6125972624524336,2.704530087897228,2.782984040438462,2.310119450078882,0.9087294825921508,1.2395762902862295,1.0,0.9654307580928742,0.05105359920803281,0.0631028143119785,0.0,0.0424833828312827,0.6094986807387863,USABLE,True,"[report-side] earlier dictionary match rate 0.050 is borderline (< 0.05) -- plausible but worth spot-checking; [alignment-change] alignment run completed with warnings: 54 ambiguous alignment(s); [alignment-change] upstream feature quality is NEEDS_REVIEW; [alignment-change] collision-flagged word share 0.65 above 0.6 -- non-unique correspondence (duplicate/boilerplate content), not a demonstrated mismatch",,66bff739-f37c-4956-b40f-8b1e2946e9f8,b5a3b891-31a8-4cbb-acb1-efea6292b6b0,8c5728bb-74e8-4bc0-bb1e-b46326828091,c994ae70cb5addaa515d9d18c0ce10643b3ca8a0c91e6bc6d880d407812b4684,2026-07-27T16:16:59.830755+00:00
cbd3c612-6303-40ee-857b-e66abecceca3,SUR,Spur Corporation Limited,2c91bda6-fee7-4796-852e-7ccebc4e8add,e5036fd8-c4ab-4c24-a570-300a47c14646,c8ead76a-0251-4736-b4b1-3d7e092a4fce,2024-06-30,2025-06-30,2082,2411,77260,83766,1934,2213,71554.0,77954.0,346,11518.0,60,5358.0,0,0.0,0,0.0,0,0.0,960,1336,16.128490306105306,21.00893194112467,4.880441635019363,626,603,10.517119720439501,9.482324820732167,-1.0347948997073342,332,389,5.577769564194751,6.117121650522078,0.5393520863273267,229,233,3.8473169584355364,3.6639828909296766,-0.1833340675058599,330,277,5.544168542723699,4.355893823122405,-1.188274719601294,280,327,4.7041430059473806,5.142156246068688,0.4380132401213075,93,95,1.5624474984039516,1.493898603597937,-0.06854889480601467,368,146,88,85,81,30,6.727622527370393,1.6331673471250898,-0.42118201920092524,5.611370585665805,11.526607120392502,5.915236534726697,0.5393520863273267,6.790123456790123,10.686447070656273,28.395061728395063,18.35554438018607,0.15432098765432098,0.12572290671360323,0.4708031915213118,-0.17916511450223327,-0.46705641766215944,0.10080306441315816,0.09435149075355391,1.6464500520815832,1.1793936344194238,2.5536776318000065,2.3745125172977732,2.7216827391552703,3.160774940244056,1.0,0.9284711785674363,0.05654109199603619,0.04352063940737853,0.0,0.03582045908670013,0.39237137788290954,USABLE,True,"[alignment-change] alignment run completed with warnings: 330 ambiguous alignment(s); [alignment-change] upstream feature quality is NEEDS_REVIEW; [alignment-change] collision-flagged word share 0.71 above 0.6 -- non-unique correspondence (duplicate/boilerplate content), not a demonstrated mismatch",,a10ca6c2-4eb1-40d9-a5cf-2f9c0c86c3ea,d63d38d2-f1b5-4c49-ae7f-0f17afc31b04,f58645d1-ec4b-418b-8c53-395c8a2fd9c1,c994ae70cb5addaa515d9d18c0ce10643b3ca8a0c91e6bc6d880d407812b4684,2026-07-27T16:16:59.830755+00:00
cbd3c612-6303-40ee-857b-e66abecceca3,SUR,Spur Corporation Limited,bbd302a8-7777-42b1-afaa-d7bae792b638,e963ada9-264f-493c-8877-ced57861c1da,e5036fd8-c4ab-4c24-a570-300a47c14646,2023-06-30,2024-06-30,1864,2082,77507,77260,1720,1934,71442.0,71554.0,292,11771.0,66,6342.0,0,0.0,0,0.0,0,0.0,895,960,14.497448772981292,16.128490306105306,1.631041533124014,704,626,11.403579816959585,10.517119720439501,-0.886460096520084,506,332,8.196322993439702,5.577769564194751,-2.618553429244951,283,229,4.5841095002834695,3.8473169584355364,-0.7367925418479331,326,330,5.28063497205799,5.544168542723699,0.26353357066570915,270,280,4.373532032072569,4.7041430059473806,0.330610973874812,105,93,1.7008180124726655,1.5624474984039516,-0.13837051406871392,149,125,46,60,25,112,3.4135113150530394,-0.43033453116990295,-2.3864538868817773,3.0938689560217068,5.611370585665805,2.517501629644098,-2.618553429244951,6.742890647903841,9.70402717127608,21.841102316036352,20.216723273491834,0.0,0.16173378618793466,-2.756923943313664,0.09154108041100528,-0.07056622717653616,0.09718960071272374,0.10080306441315816,1.7170162792581194,1.6464500520815832,2.4621365513890012,2.5536776318000065,3.5636186927998703,2.7216827391552703,1.0,0.9239437347755013,0.05641736147191502,0.052302135134466465,0.0,0.050446572156659,0.4406721536351166,USABLE,True,"[alignment-change] alignment run completed with warnings: 361 ambiguous alignment(s); [alignment-change] upstream feature quality is NEEDS_REVIEW; [alignment-change] collision-flagged word share 0.77 above 0.6 -- non-unique correspondence (duplicate/boilerplate content), not a demonstrated mismatch",,bf587226-0300-46ee-a777-b3fd8be4823a,5554bec3-80fe-447b-8726-d02284ed45a3,31b83ae5-4227-46f3-8006-6afee6461c6e,c994ae70cb5addaa515d9d18c0ce10643b3ca8a0c91e6bc6d880d407812b4684,2026-07-27T16:16:59.830755+00:00
